{
"meta":{"test_sets":[],"test_metrics":[],"learn_metrics":[{"best_value":"Min","name":"Logloss"}],"launch_mode":"Train","parameters":"","iteration_count":1000,"learn_sets":["learn"],"name":"experiment"},
"iterations":[
{"learn":[0.2598694231],"iteration":0,"passed_time":0.007460749157,"remaining_time":7.453288408},
{"learn":[0.1750360911],"iteration":1,"passed_time":0.06444002614,"remaining_time":32.15557305},
{"learn":[0.149662822],"iteration":2,"passed_time":0.08183024392,"remaining_time":27.19491773},
{"learn":[0.1271859942],"iteration":3,"passed_time":0.09581757779,"remaining_time":23.85857687},
{"learn":[0.1193935724],"iteration":4,"passed_time":0.1074175198,"remaining_time":21.37608644},
{"learn":[0.1111047534],"iteration":5,"passed_time":0.123864192,"remaining_time":20.52016781},
{"learn":[0.1042729471],"iteration":6,"passed_time":0.137925841,"remaining_time":19.56576573},
{"learn":[0.09852660943],"iteration":7,"passed_time":0.1479614535,"remaining_time":18.34722023},
{"learn":[0.09375146129],"iteration":8,"passed_time":0.1587931328,"remaining_time":17.48488829},
{"learn":[0.08910999773],"iteration":9,"passed_time":0.1693707464,"remaining_time":16.7677039},
{"learn":[0.08538676046],"iteration":10,"passed_time":0.1786974649,"remaining_time":16.06652662},
{"learn":[0.07915074426],"iteration":11,"passed_time":0.1901106525,"remaining_time":15.65244372},
{"learn":[0.07420119257],"iteration":12,"passed_time":0.1995771415,"remaining_time":15.15251067},
{"learn":[0.06803794146],"iteration":13,"passed_time":0.211231865,"remaining_time":14.87675849},
{"learn":[0.06368398239],"iteration":14,"passed_time":0.2257154785,"remaining_time":14.82198309},
{"learn":[0.06159828668],"iteration":15,"passed_time":0.2372621534,"remaining_time":14.59162243},
{"learn":[0.05879320519],"iteration":16,"passed_time":0.254321456,"remaining_time":14.70576419},
{"learn":[0.05697620785],"iteration":17,"passed_time":0.265726977,"remaining_time":14.49688286},
{"learn":[0.05599440669],"iteration":18,"passed_time":0.2767340718,"remaining_time":14.28821708},
{"learn":[0.0541530899],"iteration":19,"passed_time":0.288961322,"remaining_time":14.15910478},
{"learn":[0.05280571751],"iteration":20,"passed_time":0.2997586359,"remaining_time":13.97446212},
{"learn":[0.05153714287],"iteration":21,"passed_time":0.3182179155,"remaining_time":14.14623279},
{"learn":[0.04876943724],"iteration":22,"passed_time":0.3319164496,"remaining_time":14.09923353},
{"learn":[0.04661221921],"iteration":23,"passed_time":0.3488487819,"remaining_time":14.18651713},
{"learn":[0.04532464435],"iteration":24,"passed_time":0.3584623972,"remaining_time":13.98003349},
{"learn":[0.04389125126],"iteration":25,"passed_time":0.3694339249,"remaining_time":13.83956319},
{"learn":[0.04228723559],"iteration":26,"passed_time":0.3786315672,"remaining_time":13.64475981},
{"learn":[0.04124066465],"iteration":27,"passed_time":0.3913978964,"remaining_time":13.58709841},
{"learn":[0.04051393476],"iteration":28,"passed_time":0.4010872311,"remaining_time":13.42950695},
{"learn":[0.04005446472],"iteration":29,"passed_time":0.4138045158,"remaining_time":13.37967934},
{"learn":[0.03908721297],"iteration":30,"passed_time":0.4234427897,"remaining_time":13.23600204},
{"learn":[0.0385794585],"iteration":31,"passed_time":0.4340671287,"remaining_time":13.13053064},
{"learn":[0.03765374682],"iteration":32,"passed_time":0.4427029676,"remaining_time":12.97253847},
{"learn":[0.03710087471],"iteration":33,"passed_time":0.4561287041,"remaining_time":12.95942142},
{"learn":[0.0365604096],"iteration":34,"passed_time":0.4656423306,"remaining_time":12.83842426},
{"learn":[0.03579214283],"iteration":35,"passed_time":0.475420048,"remaining_time":12.7306924},
{"learn":[0.03424236793],"iteration":36,"passed_time":0.4842082075,"remaining_time":12.6025001},
{"learn":[0.03343673527],"iteration":37,"passed_time":0.4927044503,"remaining_time":12.47320214},
{"learn":[0.03315806556],"iteration":38,"passed_time":0.5018873538,"remaining_time":12.36701915},
{"learn":[0.03288937031],"iteration":39,"passed_time":0.515044346,"remaining_time":12.3610643},
{"learn":[0.03196968363],"iteration":40,"passed_time":0.5250275855,"remaining_time":12.28052328},
{"learn":[0.03148024895],"iteration":41,"passed_time":0.5334097596,"remaining_time":12.16682261},
{"learn":[0.03109584464],"iteration":42,"passed_time":0.5454187161,"remaining_time":12.13873747},
{"learn":[0.03083168107],"iteration":43,"passed_time":0.5670240599,"remaining_time":12.31988639},
{"learn":[0.03061599139],"iteration":44,"passed_time":0.5868901428,"remaining_time":12.45511303},
{"learn":[0.03024500384],"iteration":45,"passed_time":0.5964332276,"remaining_time":12.3695065},
{"learn":[0.02989010308],"iteration":46,"passed_time":0.6072885377,"remaining_time":12.31374418},
{"learn":[0.02954184783],"iteration":47,"passed_time":0.6152795967,"remaining_time":12.20304534},
{"learn":[0.02929076751],"iteration":48,"passed_time":0.6263284958,"remaining_time":12.1558857},
{"learn":[0.02892193427],"iteration":49,"passed_time":0.6416880687,"remaining_time":12.19207331},
{"learn":[0.02837516521],"iteration":50,"passed_time":0.6508903069,"remaining_time":12.11166473},
{"learn":[0.02826632131],"iteration":51,"passed_time":0.6610314246,"remaining_time":12.05111136},
{"learn":[0.02799747904],"iteration":52,"passed_time":0.670637752,"remaining_time":11.98290474},
{"learn":[0.02775733613],"iteration":53,"passed_time":0.6793234721,"remaining_time":11.90074083},
{"learn":[0.02754752099],"iteration":54,"passed_time":0.6879024091,"remaining_time":11.81941412},
{"learn":[0.02732070452],"iteration":55,"passed_time":0.6980939561,"remaining_time":11.76786954},
{"learn":[0.02707445194],"iteration":56,"passed_time":0.7140743111,"remaining_time":11.81354518},
{"learn":[0.02688481583],"iteration":57,"passed_time":0.7291294475,"remaining_time":11.84206792},
{"learn":[0.02670115911],"iteration":58,"passed_time":0.7450062606,"remaining_time":11.8822185},
{"learn":[0.02652567594],"iteration":59,"passed_time":0.7595194412,"remaining_time":11.89913791},
{"learn":[0.02628958728],"iteration":60,"passed_time":0.7695581806,"remaining_time":11.8461497},
{"learn":[0.02601105903],"iteration":61,"passed_time":0.7836021812,"remaining_time":11.85514268},
{"learn":[0.02589810726],"iteration":62,"passed_time":0.7939537747,"remaining_time":11.80848709},
{"learn":[0.02550137024],"iteration":63,"passed_time":0.8073950718,"remaining_time":11.80815293},
{"learn":[0.02541072376],"iteration":64,"passed_time":0.8177526383,"remaining_time":11.76305718},
{"learn":[0.02520955591],"iteration":65,"passed_time":0.8264179269,"remaining_time":11.69506581},
{"learn":[0.02507438721],"iteration":66,"passed_time":0.836886441,"remaining_time":11.65395596},
{"learn":[0.0249746293],"iteration":67,"passed_time":0.8514751276,"remaining_time":11.67021792},
{"learn":[0.02486612675],"iteration":68,"passed_time":0.8604779511,"remaining_time":11.61021699},
{"learn":[0.0244729354],"iteration":69,"passed_time":0.8702270921,"remaining_time":11.56158851},
{"learn":[0.02437230613],"iteration":70,"passed_time":0.8797113568,"remaining_time":11.51058944},
{"learn":[0.02426087916],"iteration":71,"passed_time":0.8931006112,"remaining_time":11.51107454},
{"learn":[0.02411802325],"iteration":72,"passed_time":0.9112179049,"remaining_time":11.57121915},
{"learn":[0.02399845117],"iteration":73,"passed_time":0.9228788541,"remaining_time":11.54845701},
{"learn":[0.02384637771],"iteration":74,"passed_time":0.9364638227,"remaining_time":11.54972048},
{"learn":[0.02380676818],"iteration":75,"passed_time":0.945681439,"remaining_time":11.49749539},
{"learn":[0.02370787039],"iteration":76,"passed_time":0.9572449758,"remaining_time":11.47450796},
{"learn":[0.02348641829],"iteration":77,"passed_time":1.017902938,"remaining_time":12.03213473},
{"learn":[0.02339283515],"iteration":78,"passed_time":1.033128337,"remaining_time":12.04444555},
{"learn":[0.02327665347],"iteration":79,"passed_time":1.045743352,"remaining_time":12.02604854},
{"learn":[0.02309897917],"iteration":80,"passed_time":1.055743954,"remaining_time":11.97813202},
{"learn":[0.02309902571],"iteration":81,"passed_time":1.062699794,"remaining_time":11.8970538},
{"learn":[0.02302142633],"iteration":82,"passed_time":1.071605492,"remaining_time":11.83930405},
{"learn":[0.0230205564],"iteration":83,"passed_time":1.07961755,"remaining_time":11.77297233},
{"learn":[0.02290250339],"iteration":84,"passed_time":1.087666894,"remaining_time":11.70841421},
{"learn":[0.02276348827],"iteration":85,"passed_time":1.096510378,"remaining_time":11.6536103},
{"learn":[0.02264378149],"iteration":86,"passed_time":1.110979429,"remaining_time":11.65889906},
{"learn":[0.02264319174],"iteration":87,"passed_time":1.118470892,"remaining_time":11.59142561},
{"learn":[0.02264313313],"iteration":88,"passed_time":1.126818644,"remaining_time":11.53406499},
{"learn":[0.02264297222],"iteration":89,"passed_time":1.133712653,"remaining_time":11.4630946},
{"learn":[0.02264290455],"iteration":90,"passed_time":1.141951351,"remaining_time":11.40696459},
{"learn":[0.0226426103],"iteration":91,"passed_time":1.150082835,"remaining_time":11.35081754},
{"learn":[0.02264230423],"iteration":92,"passed_time":1.160238783,"remaining_time":11.31544705},
{"learn":[0.02264228018],"iteration":93,"passed_time":1.17143759,"remaining_time":11.29066443},
{"learn":[0.02264219687],"iteration":94,"passed_time":1.180330763,"remaining_time":11.24420358},
{"learn":[0.02264203111],"iteration":95,"passed_time":1.195673455,"remaining_time":11.25925837},
{"learn":[0.02264147614],"iteration":96,"passed_time":1.205019302,"remaining_time":11.2178601},
{"learn":[0.02264093654],"iteration":97,"passed_time":1.211999372,"remaining_time":11.15534115},
{"learn":[0.02264045922],"iteration":98,"passed_time":1.220326584,"remaining_time":11.10620457},
{"learn":[0.02264033622],"iteration":99,"passed_time":1.23299311,"remaining_time":11.09693799},
{"learn":[0.02263978842],"iteration":100,"passed_time":1.241254837,"remaining_time":11.04839702},
{"learn":[0.02263978842],"iteration":101,"passed_time":1.247190811,"remaining_time":10.98017008},
{"learn":[0.02263978842],"iteration":102,"passed_time":1.255191498,"remaining_time":10.93113373},
{"learn":[0.02263978842],"iteration":103,"passed_time":1.261378267,"remaining_time":10.86725892},
{"learn":[0.02263978842],"iteration":104,"passed_time":1.268411086,"remaining_time":10.81169449},
{"learn":[0.02263978842],"iteration":105,"passed_time":1.274787717,"remaining_time":10.7515115},
{"learn":[0.02263978842],"iteration":106,"passed_time":1.28123424,"remaining_time":10.69291753},
{"learn":[0.02263978842],"iteration":107,"passed_time":1.29402503,"remaining_time":10.68768821},
{"learn":[0.02263978842],"iteration":108,"passed_time":1.30161584,"remaining_time":10.63981388},
{"learn":[0.02263978842],"iteration":109,"passed_time":1.308634208,"remaining_time":10.58804041},
{"learn":[0.02263978842],"iteration":110,"passed_time":1.317202308,"remaining_time":10.54948515},
{"learn":[0.02263978842],"iteration":111,"passed_time":1.325955965,"remaining_time":10.51293658},
{"learn":[0.02263978842],"iteration":112,"passed_time":1.334959706,"remaining_time":10.478843},
{"learn":[0.02263978842],"iteration":113,"passed_time":1.344187838,"remaining_time":10.44693355},
{"learn":[0.02263978842],"iteration":114,"passed_time":1.35256675,"remaining_time":10.40888325},
{"learn":[0.02263951859],"iteration":115,"passed_time":1.376880089,"remaining_time":10.49277585},
{"learn":[0.02263952194],"iteration":116,"passed_time":1.388432975,"remaining_time":10.47851553},
{"learn":[0.02263934895],"iteration":117,"passed_time":1.399823977,"remaining_time":10.46309108},
{"learn":[0.02263889584],"iteration":118,"passed_time":1.407875819,"remaining_time":10.42301341},
{"learn":[0.02263886462],"iteration":119,"passed_time":1.415388731,"remaining_time":10.37951736},
{"learn":[0.02263844877],"iteration":120,"passed_time":1.421717469,"remaining_time":10.32801368},
{"learn":[0.02263844898],"iteration":121,"passed_time":1.433414889,"remaining_time":10.31588748},
{"learn":[0.02263826387],"iteration":122,"passed_time":1.439892212,"remaining_time":10.26654854},
{"learn":[0.02263813359],"iteration":123,"passed_time":1.446606479,"remaining_time":10.2195748},
{"learn":[0.02263813359],"iteration":124,"passed_time":1.453154137,"remaining_time":10.17207896},
{"learn":[0.02263791235],"iteration":125,"passed_time":1.460880717,"remaining_time":10.13341068},
{"learn":[0.02263783281],"iteration":126,"passed_time":1.467685287,"remaining_time":10.08889177},
{"learn":[0.02263756304],"iteration":127,"passed_time":1.474531674,"remaining_time":10.04524703},
{"learn":[0.02263736412],"iteration":128,"passed_time":1.482278526,"remaining_time":10.00825268},
{"learn":[0.02263717048],"iteration":129,"passed_time":1.493693665,"remaining_time":9.996257605},
{"learn":[0.02263676374],"iteration":130,"passed_time":1.500920201,"remaining_time":9.956485912},
{"learn":[0.02263640025],"iteration":131,"passed_time":1.51055463,"remaining_time":9.933041051},
{"learn":[0.0226363741],"iteration":132,"passed_time":1.517887477,"remaining_time":9.894800322},
{"learn":[0.02263626879],"iteration":133,"passed_time":1.524853131,"remaining_time":9.854647849},
{"learn":[0.02263580931],"iteration":134,"passed_time":1.532910794,"remaining_time":9.821983977},
{"learn":[0.02263546189],"iteration":135,"passed_time":1.539353741,"remaining_time":9.779423763},
{"learn":[0.02263507246],"iteration":136,"passed_time":1.550181242,"remaining_time":9.765010306},
{"learn":[0.02263431582],"iteration":137,"passed_time":1.559449785,"remaining_time":9.740910975},
{"learn":[0.02256336878],"iteration":138,"passed_time":1.580176075,"remaining_time":9.78799713},
{"learn":[0.02243064467],"iteration":139,"passed_time":1.59207558,"remaining_time":9.779892849},
{"learn":[0.02233548769],"iteration":140,"passed_time":1.601915617,"remaining_time":9.759188051},
{"learn":[0.02233537516],"iteration":141,"passed_time":1.61258805,"remaining_time":9.74366582},
{"learn":[0.02218825372],"iteration":142,"passed_time":1.626231373,"remaining_time":9.746015992},
{"learn":[0.02210904258],"iteration":143,"passed_time":1.635595551,"remaining_time":9.722706889},
{"learn":[0.02201912918],"iteration":144,"passed_time":1.645783901,"remaining_time":9.704449897},
{"learn":[0.02189399375],"iteration":145,"passed_time":1.653744799,"remaining_time":9.673274371},
{"learn":[0.02178500494],"iteration":146,"passed_time":1.663018363,"remaining_time":9.650031723},
{"learn":[0.02165323944],"iteration":147,"passed_time":1.676934101,"remaining_time":9.653701714},
{"learn":[0.02165312022],"iteration":148,"passed_time":1.683913481,"remaining_time":9.617519278},
{"learn":[0.02154409759],"iteration":149,"passed_time":1.69338317,"remaining_time":9.595837965},
{"learn":[0.02154390794],"iteration":150,"passed_time":1.702118807,"remaining_time":9.570191175},
{"learn":[0.02154386313],"iteration":151,"passed_time":1.709552113,"remaining_time":9.537501265},
{"learn":[0.02154366637],"iteration":152,"passed_time":1.719927316,"remaining_time":9.521427688},
{"learn":[0.02154345256],"iteration":153,"passed_time":1.727880403,"remaining_time":9.492122214},
{"learn":[0.02154266918],"iteration":154,"passed_time":1.734841245,"remaining_time":9.457682917},
{"learn":[0.02154258635],"iteration":155,"passed_time":1.740887009,"remaining_time":9.418645102},
{"learn":[0.02154190941],"iteration":156,"passed_time":1.754506187,"remaining_time":9.420692455},
{"learn":[0.02154135293],"iteration":157,"passed_time":1.764035674,"remaining_time":9.400747071},
{"learn":[0.02154078194],"iteration":158,"passed_time":1.773836294,"remaining_time":9.382366815},
{"learn":[0.02154031454],"iteration":159,"passed_time":1.784850267,"remaining_time":9.370463903},
{"learn":[0.02154022309],"iteration":160,"passed_time":1.793105471,"remaining_time":9.344195589},
{"learn":[0.02153970764],"iteration":161,"passed_time":1.802196848,"remaining_time":9.322475054},
{"learn":[0.02153953132],"iteration":162,"passed_time":1.80994576,"remaining_time":9.294015958},
{"learn":[0.02153945378],"iteration":163,"passed_time":1.8193932,"remaining_time":9.274467776},
{"learn":[0.0215394521],"iteration":164,"passed_time":1.829183257,"remaining_time":9.256775874},
{"learn":[0.02153921932],"iteration":165,"passed_time":1.837001104,"remaining_time":9.229270608},
{"learn":[0.02153860714],"iteration":166,"passed_time":1.844279367,"remaining_time":9.199309659},
{"learn":[0.0215385413],"iteration":167,"passed_time":1.851517666,"remaining_time":9.169420823},
{"learn":[0.02153840525],"iteration":168,"passed_time":1.858289715,"remaining_time":9.137507416},
{"learn":[0.0215382258],"iteration":169,"passed_time":1.865389863,"remaining_time":9.107491683},
{"learn":[0.0215382362],"iteration":170,"passed_time":1.879616297,"remaining_time":9.112291873},
{"learn":[0.0215381001],"iteration":171,"passed_time":1.889114938,"remaining_time":9.094111447},
{"learn":[0.02153813262],"iteration":172,"passed_time":1.897090007,"remaining_time":9.068748185},
{"learn":[0.02153803265],"iteration":173,"passed_time":1.904053899,"remaining_time":9.038784599},
{"learn":[0.02153792566],"iteration":174,"passed_time":1.912179216,"remaining_time":9.014559161},
{"learn":[0.02153780153],"iteration":175,"passed_time":1.919354307,"remaining_time":8.986067893},
{"learn":[0.02153726344],"iteration":176,"passed_time":1.927497672,"remaining_time":8.962319685},
{"learn":[0.02153717539],"iteration":177,"passed_time":1.936783533,"remaining_time":8.944022834},
{"learn":[0.02153695991],"iteration":178,"passed_time":1.944467147,"remaining_time":8.918477809},
{"learn":[0.02153693926],"iteration":179,"passed_time":1.951498794,"remaining_time":8.890161172},
{"learn":[0.02153645983],"iteration":180,"passed_time":1.960573297,"remaining_time":8.871323372},
{"learn":[0.02153618213],"iteration":181,"passed_time":1.973209931,"remaining_time":8.868602876},
{"learn":[0.02153592352],"iteration":182,"passed_time":1.985574939,"remaining_time":8.864561342},
{"learn":[0.02153575275],"iteration":183,"passed_time":2.041817914,"remaining_time":9.055018576},
{"learn":[0.02153568718],"iteration":184,"passed_time":2.057305039,"remaining_time":9.06326274},
{"learn":[0.02153552492],"iteration":185,"passed_time":2.068416632,"remaining_time":9.052102894},
{"learn":[0.02153500241],"iteration":186,"passed_time":2.083330998,"remaining_time":9.057476478},
{"learn":[0.0215347953],"iteration":187,"passed_time":2.092743103,"remaining_time":9.038869148},
{"learn":[0.02153467133],"iteration":188,"passed_time":2.106463089,"remaining_time":9.038844261},
{"learn":[0.02153446783],"iteration":189,"passed_time":2.115597437,"remaining_time":9.019125915},
{"learn":[0.02153445931],"iteration":190,"passed_time":2.124944546,"remaining_time":9.000419568},
{"learn":[0.02153397621],"iteration":191,"passed_time":2.137361237,"remaining_time":8.994728538},
{"learn":[0.02153354338],"iteration":192,"passed_time":2.155821178,"remaining_time":9.01423674},
{"learn":[0.02153307878],"iteration":193,"passed_time":2.172887057,"remaining_time":9.027561691},
{"learn":[0.02153307878],"iteration":194,"passed_time":2.182078502,"remaining_time":9.008067664},
{"learn":[0.02153307878],"iteration":195,"passed_time":2.191339739,"remaining_time":8.988965053},
{"learn":[0.02153036551],"iteration":196,"passed_time":2.212051202,"remaining_time":9.016635103},
{"learn":[0.02153014469],"iteration":197,"passed_time":2.224871004,"remaining_time":9.011851239},
{"learn":[0.0215300603],"iteration":198,"passed_time":2.23768632,"remaining_time":9.006968554},
{"learn":[0.02152981533],"iteration":199,"passed_time":2.256372517,"remaining_time":9.02549007},
{"learn":[0.02152978945],"iteration":200,"passed_time":2.272436137,"remaining_time":9.033216286},
{"learn":[0.02152975327],"iteration":201,"passed_time":2.281205996,"remaining_time":9.011892995},
{"learn":[0.02152930312],"iteration":202,"passed_time":2.295220534,"remaining_time":9.01128456},
{"learn":[0.02152910652],"iteration":203,"passed_time":2.305990784,"remaining_time":8.997885606},
{"learn":[0.02152901334],"iteration":204,"passed_time":2.318235966,"remaining_time":8.99023216},
{"learn":[0.02147333973],"iteration":205,"passed_time":2.334915609,"remaining_time":8.999626184},
{"learn":[0.02147330694],"iteration":206,"passed_time":2.341792899,"remaining_time":8.971216276},
{"learn":[0.02147297187],"iteration":207,"passed_time":2.351325091,"remaining_time":8.953122464},
{"learn":[0.02147279085],"iteration":208,"passed_time":2.359597064,"remaining_time":8.930341041},
{"learn":[0.02147268559],"iteration":209,"passed_time":2.36917122,"remaining_time":8.912596495},
{"learn":[0.02147197425],"iteration":210,"passed_time":2.43517588,"remaining_time":9.105942034},
{"learn":[0.02145870523],"iteration":211,"passed_time":2.503023178,"remaining_time":9.303689927},
{"learn":[0.0214586223],"iteration":212,"passed_time":2.520115636,"remaining_time":9.311413173},
{"learn":[0.02145852573],"iteration":213,"passed_time":2.554783926,"remaining_time":9.383458718},
{"learn":[0.02145853608],"iteration":214,"passed_time":2.568330379,"remaining_time":9.377392315},
{"learn":[0.02145809041],"iteration":215,"passed_time":2.577868353,"remaining_time":9.356707356},
{"learn":[0.02145807321],"iteration":216,"passed_time":2.586270533,"remaining_time":9.332026852},
{"learn":[0.02145798359],"iteration":217,"passed_time":2.623995294,"remaining_time":9.412680368},
{"learn":[0.0214148635],"iteration":218,"passed_time":2.633764826,"remaining_time":9.392558579},
{"learn":[0.02141467887],"iteration":219,"passed_time":2.643203239,"remaining_time":9.371356939},
{"learn":[0.02141449079],"iteration":220,"passed_time":2.680181597,"remaining_time":9.447336943},
{"learn":[0.0213306623],"iteration":221,"passed_time":2.695071061,"remaining_time":9.444888674},
{"learn":[0.02127473123],"iteration":222,"passed_time":2.710222445,"remaining_time":9.443241435},
{"learn":[0.02111519285],"iteration":223,"passed_time":2.727220947,"remaining_time":9.447872565},
{"learn":[0.02111486096],"iteration":224,"passed_time":2.742942524,"remaining_time":9.447913137},
{"learn":[0.02108751608],"iteration":225,"passed_time":2.754888672,"remaining_time":9.434884214},
{"learn":[0.02091175319],"iteration":226,"passed_time":2.769931779,"remaining_time":9.43241086},
{"learn":[0.02091152024],"iteration":227,"passed_time":2.78198347,"remaining_time":9.419698417},
{"learn":[0.02091135605],"iteration":228,"passed_time":2.792322111,"remaining_time":9.401224226},
{"learn":[0.02091130924],"iteration":229,"passed_time":2.809584628,"remaining_time":9.40600071},
{"learn":[0.02091089986],"iteration":230,"passed_time":2.818111667,"remaining_time":9.381505939},
{"learn":[0.02091084093],"iteration":231,"passed_time":2.829984826,"remaining_time":9.368225631},
{"learn":[0.02091077697],"iteration":232,"passed_time":2.836266276,"remaining_time":9.336550359},
{"learn":[0.02091072332],"iteration":233,"passed_time":2.844117572,"remaining_time":9.310231025},
{"learn":[0.02091034651],"iteration":234,"passed_time":2.851059215,"remaining_time":9.281107657},
{"learn":[0.02090948833],"iteration":235,"passed_time":2.863057886,"remaining_time":9.268543327},
{"learn":[0.02090939666],"iteration":236,"passed_time":2.871792227,"remaining_time":9.245474552},
{"learn":[0.02090925134],"iteration":237,"passed_time":2.8793092,"remaining_time":9.218628615},
{"learn":[0.02090894382],"iteration":238,"passed_time":2.902252012,"remaining_time":9.241061847},
{"learn":[0.02090882821],"iteration":239,"passed_time":2.909974024,"remaining_time":9.214917743},
{"learn":[0.0208490391],"iteration":240,"passed_time":2.923383723,"remaining_time":9.206839194},
{"learn":[0.02068113718],"iteration":241,"passed_time":2.933781282,"remaining_time":9.189281866},
{"learn":[0.02068108197],"iteration":242,"passed_time":2.94181746,"remaining_time":9.164427231},
{"learn":[0.02068085587],"iteration":243,"passed_time":2.950744855,"remaining_time":9.142471765},
{"learn":[0.02068076959],"iteration":244,"passed_time":2.957938631,"remaining_time":9.115280272},
{"learn":[0.02066280589],"iteration":245,"passed_time":2.966404392,"remaining_time":9.092150047},
{"learn":[0.02066273671],"iteration":246,"passed_time":2.972852663,"remaining_time":9.062988077},
{"learn":[0.02066262654],"iteration":247,"passed_time":2.984591758,"remaining_time":9.050052427},
{"learn":[0.02066258346],"iteration":248,"passed_time":2.991073097,"remaining_time":9.021268659},
{"learn":[0.02066229535],"iteration":249,"passed_time":3.000703369,"remaining_time":9.002110107},
{"learn":[0.02066230231],"iteration":250,"passed_time":3.007943086,"remaining_time":8.975893909},
{"learn":[0.02066230231],"iteration":251,"passed_time":3.014953713,"remaining_time":8.949148322},
{"learn":[0.02066191875],"iteration":252,"passed_time":3.025473067,"remaining_time":8.932918501},
{"learn":[0.02066186192],"iteration":253,"passed_time":3.033300155,"remaining_time":8.908826439},
{"learn":[0.02066187675],"iteration":254,"passed_time":3.04093128,"remaining_time":8.884289427},
{"learn":[0.02066167217],"iteration":255,"passed_time":3.049144906,"remaining_time":8.861577382},
{"learn":[0.02066150452],"iteration":256,"passed_time":3.057713084,"remaining_time":8.840003197},
{"learn":[0.02066140644],"iteration":257,"passed_time":3.070266837,"remaining_time":8.829992221},
{"learn":[0.02066119425],"iteration":258,"passed_time":3.079298241,"remaining_time":8.809884156},
{"learn":[0.02066114939],"iteration":259,"passed_time":3.088441147,"remaining_time":8.790178649},
{"learn":[0.02066077479],"iteration":260,"passed_time":3.119591346,"remaining_time":8.832865919},
{"learn":[0.02066053844],"iteration":261,"passed_time":3.138665312,"remaining_time":8.840973282},
{"learn":[0.02066038493],"iteration":262,"passed_time":3.146888403,"remaining_time":8.818466742},
{"learn":[0.02066026047],"iteration":263,"passed_time":3.155866309,"remaining_time":8.79817274},
{"learn":[0.02066026047],"iteration":264,"passed_time":3.165243212,"remaining_time":8.779070796},
{"learn":[0.02066002516],"iteration":265,"passed_time":3.172525002,"remaining_time":8.754260721},
{"learn":[0.02065951683],"iteration":266,"passed_time":3.18299092,"remaining_time":8.738323388},
{"learn":[0.02065951882],"iteration":267,"passed_time":3.192840311,"remaining_time":8.72074294},
{"learn":[0.02065923546],"iteration":268,"passed_time":3.199591305,"remaining_time":8.694800165},
{"learn":[0.02065901799],"iteration":269,"passed_time":3.205897019,"remaining_time":8.667795645},
{"learn":[0.02065896773],"iteration":270,"passed_time":3.215576329,"remaining_time":8.650018981},
{"learn":[0.02065848831],"iteration":271,"passed_time":3.222313827,"remaining_time":8.624428183},
{"learn":[0.02065835199],"iteration":272,"passed_time":3.230299583,"remaining_time":8.602299621},
{"learn":[0.02065804172],"iteration":273,"passed_time":3.237384537,"remaining_time":8.577887496},
{"learn":[0.02065759988],"iteration":274,"passed_time":3.250356078,"remaining_time":8.569120568},
{"learn":[0.02065754989],"iteration":275,"passed_time":3.259313356,"remaining_time":8.549793007},
{"learn":[0.02065748756],"iteration":276,"passed_time":3.267124234,"remaining_time":8.52754809},
{"learn":[0.02065724922],"iteration":277,"passed_time":3.278670046,"remaining_time":8.515107097},
{"learn":[0.02065719401],"iteration":278,"passed_time":3.284877608,"remaining_time":8.488877259},
{"learn":[0.02065705575],"iteration":279,"passed_time":3.295659977,"remaining_time":8.474554227},
{"learn":[0.02065691943],"iteration":280,"passed_time":3.30715493,"remaining_time":8.462079697},
{"learn":[0.0206566393],"iteration":281,"passed_time":3.317768393,"remaining_time":8.447367753},
{"learn":[0.02065624686],"iteration":282,"passed_time":3.326078505,"remaining_time":8.426849075},
{"learn":[0.02065594602],"iteration":283,"passed_time":3.333265518,"remaining_time":8.403584897},
{"learn":[0.02065574543],"iteration":284,"passed_time":3.341127756,"remaining_time":8.382127527},
{"learn":[0.02065556085],"iteration":285,"passed_time":3.347587653,"remaining_time":8.357264279},
{"learn":[0.02065543133],"iteration":286,"passed_time":3.357127063,"remaining_time":8.340179776},
{"learn":[0.02065530197],"iteration":287,"passed_time":3.362983126,"remaining_time":8.314041616},
{"learn":[0.02065488413],"iteration":288,"passed_time":3.371120571,"remaining_time":8.293656491},
{"learn":[0.020654527],"iteration":289,"passed_time":3.377126371,"remaining_time":8.268136977},
{"learn":[0.02065444946],"iteration":290,"passed_time":3.388397048,"remaining_time":8.255579063},
{"learn":[0.02065423366],"iteration":291,"passed_time":3.395712283,"remaining_time":8.233439372},
{"learn":[0.02065401252],"iteration":292,"passed_time":3.403760311,"remaining_time":8.213169078},
{"learn":[0.02065399521],"iteration":293,"passed_time":3.414107618,"remaining_time":8.198503327},
{"learn":[0.0206536569],"iteration":294,"passed_time":3.422234772,"remaining_time":8.178561066},
{"learn":[0.02065343938],"iteration":295,"passed_time":3.428877526,"remaining_time":8.155168169},
{"learn":[0.02065310134],"iteration":296,"passed_time":3.436685647,"remaining_time":8.134646498},
{"learn":[0.02065290053],"iteration":297,"passed_time":3.458082558,"remaining_time":8.146221328},
{"learn":[0.02065272954],"iteration":298,"passed_time":3.467322158,"remaining_time":8.12907302},
{"learn":[0.02065246883],"iteration":299,"passed_time":3.476333283,"remaining_time":8.111444328},
{"learn":[0.02054472703],"iteration":300,"passed_time":3.487149716,"remaining_time":8.098065286},
{"learn":[0.02054469942],"iteration":301,"passed_time":3.497063192,"remaining_time":8.082616252},
{"learn":[0.02054445758],"iteration":302,"passed_time":3.513492683,"remaining_time":8.082192739},
{"learn":[0.02054379455],"iteration":303,"passed_time":3.526651776,"remaining_time":8.074176433},
{"learn":[0.02054368061],"iteration":304,"passed_time":3.544142914,"remaining_time":8.075997788},
{"learn":[0.02054352175],"iteration":305,"passed_time":3.556875064,"remaining_time":8.066899655},
{"learn":[0.02054339396],"iteration":306,"passed_time":3.572997666,"remaining_time":8.065431214},
{"learn":[0.02054318161],"iteration":307,"passed_time":3.585172539,"remaining_time":8.054998043},
{"learn":[0.02054308326],"iteration":308,"passed_time":3.591962655,"remaining_time":8.032511957},
{"learn":[0.02054309701],"iteration":309,"passed_time":3.606045882,"remaining_time":8.026360189},
{"learn":[0.02054298997],"iteration":310,"passed_time":3.615773328,"remaining_time":8.01050747},
{"learn":[0.02054275169],"iteration":311,"passed_time":3.623032706,"remaining_time":7.989251609},
{"learn":[0.02054244438],"iteration":312,"passed_time":3.634455952,"remaining_time":7.977224405},
{"learn":[0.02054226131],"iteration":313,"passed_time":3.642648585,"remaining_time":7.958143088},
{"learn":[0.02054206105],"iteration":314,"passed_time":3.651795875,"remaining_time":7.941206903},
{"learn":[0.02054178642],"iteration":315,"passed_time":3.663032212,"remaining_time":7.928841876},
{"learn":[0.02054165528],"iteration":316,"passed_time":3.670452655,"remaining_time":7.908262346},
{"learn":[0.02054140486],"iteration":317,"passed_time":3.678988245,"remaining_time":7.89015718},
{"learn":[0.02054135288],"iteration":318,"passed_time":3.684691354,"remaining_time":7.866065242},
{"learn":[0.02054133924],"iteration":319,"passed_time":3.693686281,"remaining_time":7.849083346},
{"learn":[0.02054125134],"iteration":320,"passed_time":3.701018958,"remaining_time":7.828635117},
{"learn":[0.02054114932],"iteration":321,"passed_time":3.7194329,"remaining_time":7.831600951},
{"learn":[0.02054029594],"iteration":322,"passed_time":3.729475223,"remaining_time":7.816887696},
{"learn":[0.02054026359],"iteration":323,"passed_time":3.73872301,"remaining_time":7.80054554},
{"learn":[0.02054019969],"iteration":324,"passed_time":3.747524376,"remaining_time":7.783319859},
{"learn":[0.02054011509],"iteration":325,"passed_time":3.753594266,"remaining_time":7.760498574},
{"learn":[0.02053988716],"iteration":326,"passed_time":3.761752079,"remaining_time":7.742076908},
{"learn":[0.02053981981],"iteration":327,"passed_time":3.769443907,"remaining_time":7.722763126},
{"learn":[0.02053946068],"iteration":328,"passed_time":3.779718259,"remaining_time":7.708787088},
{"learn":[0.02053936222],"iteration":329,"passed_time":3.786062736,"remaining_time":7.686854646},
{"learn":[0.02053928457],"iteration":330,"passed_time":3.793875968,"remaining_time":7.667984962},
{"learn":[0.02053907746],"iteration":331,"passed_time":3.800681007,"remaining_time":7.647153352},
{"learn":[0.02053893235],"iteration":332,"passed_time":3.809916128,"remaining_time":7.631273445},
{"learn":[0.02053881146],"iteration":333,"passed_time":3.818097913,"remaining_time":7.613332965},
{"learn":[0.02053835312],"iteration":334,"passed_time":3.82645135,"remaining_time":7.595791487},
{"learn":[0.02053775603],"iteration":335,"passed_time":3.840363257,"remaining_time":7.589289294},
{"learn":[0.0205377095],"iteration":336,"passed_time":3.848584057,"remaining_time":7.571546677},
{"learn":[0.02053765412],"iteration":337,"passed_time":3.858817369,"remaining_time":7.557802066},
{"learn":[0.02053732282],"iteration":338,"passed_time":3.87289214,"remaining_time":7.551568451},
{"learn":[0.02053727456],"iteration":339,"passed_time":3.880833371,"remaining_time":7.533382426},
{"learn":[0.02053713452],"iteration":340,"passed_time":3.896395466,"remaining_time":7.5299842},
{"learn":[0.02053701206],"iteration":341,"passed_time":3.908895865,"remaining_time":7.520624208},
{"learn":[0.02053694967],"iteration":342,"passed_time":3.92017971,"remaining_time":7.508915654},
{"learn":[0.02053692045],"iteration":343,"passed_time":3.961047371,"remaining_time":7.55362522},
{"learn":[0.02053655232],"iteration":344,"passed_time":3.971854817,"remaining_time":7.540767841},
{"learn":[0.02053626944],"iteration":345,"passed_time":3.981604542,"remaining_time":7.525923037},
{"learn":[0.02053621767],"iteration":346,"passed_time":3.996788975,"remaining_time":7.521334873},
{"learn":[0.02053619001],"iteration":347,"passed_time":4.005446801,"remaining_time":7.5044578},
{"learn":[0.02053618661],"iteration":348,"passed_time":4.011771584,"remaining_time":7.483275934},
{"learn":[0.02053603622],"iteration":349,"passed_time":4.021998922,"remaining_time":7.46942657},
{"learn":[0.02053550309],"iteration":350,"passed_time":4.027876315,"remaining_time":7.447554782},
{"learn":[0.02053540296],"iteration":351,"passed_time":4.036732407,"remaining_time":7.431257386},
{"learn":[0.0205353685],"iteration":352,"passed_time":4.042394943,"remaining_time":7.409148804},
{"learn":[0.02053535809],"iteration":353,"passed_time":4.049189026,"remaining_time":7.389198054},
{"learn":[0.02053529943],"iteration":354,"passed_time":4.057775643,"remaining_time":7.372578281},
{"learn":[0.0205350165],"iteration":355,"passed_time":4.065860114,"remaining_time":7.355095263},
{"learn":[0.02053483009],"iteration":356,"passed_time":4.072505244,"remaining_time":7.33507247},
{"learn":[0.02053457471],"iteration":357,"passed_time":4.078968373,"remaining_time":7.314798033},
{"learn":[0.02053424001],"iteration":358,"passed_time":4.088195184,"remaining_time":7.299535134},
{"learn":[0.02053396048],"iteration":359,"passed_time":4.095135258,"remaining_time":7.280240458},
{"learn":[0.02053368957],"iteration":360,"passed_time":4.105514303,"remaining_time":7.267101494},
{"learn":[0.02053325129],"iteration":361,"passed_time":4.111920301,"remaining_time":7.246975558},
{"learn":[0.02053267647],"iteration":362,"passed_time":4.120305485,"remaining_time":7.23039833},
{"learn":[0.02053272161],"iteration":363,"passed_time":4.134098872,"remaining_time":7.223315611},
{"learn":[0.02053248688],"iteration":364,"passed_time":4.141393755,"remaining_time":7.204890505},
{"learn":[0.02053246278],"iteration":365,"passed_time":4.174285588,"remaining_time":7.230866292},
{"learn":[0.02053242304],"iteration":366,"passed_time":4.191112898,"remaining_time":7.228813255},
{"learn":[0.02053236938],"iteration":367,"passed_time":4.199428187,"remaining_time":7.212061451},
{"learn":[0.02053209988],"iteration":368,"passed_time":4.209512009,"remaining_time":7.198379614},
{"learn":[0.02053197224],"iteration":369,"passed_time":4.218767767,"remaining_time":7.18330728},
{"learn":[0.02053196362],"iteration":370,"passed_time":4.232259446,"remaining_time":7.175447956},
{"learn":[0.0205318603],"iteration":371,"passed_time":4.238552605,"remaining_time":7.15540601},
{"learn":[0.02053191703],"iteration":372,"passed_time":4.246307792,"remaining_time":7.137895403},
{"learn":[0.02053159603],"iteration":373,"passed_time":4.254503097,"remaining_time":7.121173633},
{"learn":[0.02053150808],"iteration":374,"passed_time":4.262953548,"remaining_time":7.104922581},
{"learn":[0.02053149427],"iteration":375,"passed_time":4.269041033,"remaining_time":7.084791502},
{"learn":[0.02053079112],"iteration":376,"passed_time":4.276577786,"remaining_time":7.06712987},
{"learn":[0.02053078066],"iteration":377,"passed_time":4.28651417,"remaining_time":7.053470406},
{"learn":[0.02053070479],"iteration":378,"passed_time":4.29469926,"remaining_time":7.036961057},
{"learn":[0.02053070134],"iteration":379,"passed_time":4.301130101,"remaining_time":7.017633322},
{"learn":[0.02053054432],"iteration":380,"passed_time":4.313186635,"remaining_time":7.007513194},
{"learn":[0.02053061512],"iteration":381,"passed_time":4.321452236,"remaining_time":6.991249953},
{"learn":[0.02053040585],"iteration":382,"passed_time":4.332130685,"remaining_time":6.978915489},
{"learn":[0.02053041636],"iteration":383,"passed_time":4.342301475,"remaining_time":6.965775283},
{"learn":[0.02053026975],"iteration":384,"passed_time":4.351272606,"remaining_time":6.950734162},
{"learn":[0.02053026268],"iteration":385,"passed_time":4.360554743,"remaining_time":6.936219203},
{"learn":[0.02053004877],"iteration":386,"passed_time":4.367253145,"remaining_time":6.917638703},
{"learn":[0.02052986937],"iteration":387,"passed_time":4.375931874,"remaining_time":6.902243058},
{"learn":[0.02052961054],"iteration":388,"passed_time":4.383031153,"remaining_time":6.884401116},
{"learn":[0.02052955867],"iteration":389,"passed_time":4.397783693,"remaining_time":6.87858475},
{"learn":[0.02052951898],"iteration":390,"passed_time":4.406574771,"remaining_time":6.863437431},
{"learn":[0.02052926366],"iteration":391,"passed_time":4.41477019,"remaining_time":6.847398662},
{"learn":[0.02052910836],"iteration":392,"passed_time":4.428908719,"remaining_time":6.840579115},
{"learn":[0.02052877836],"iteration":393,"passed_time":4.440420994,"remaining_time":6.829683052},
{"learn":[0.0205286058],"iteration":394,"passed_time":4.454891637,"remaining_time":6.823315039},
{"learn":[0.02052831592],"iteration":395,"passed_time":4.464003995,"remaining_time":6.808733367},
{"learn":[0.02052831592],"iteration":396,"passed_time":4.473990574,"remaining_time":6.795507094},
{"learn":[0.02052823816],"iteration":397,"passed_time":4.48991098,"remaining_time":6.791272387},
{"learn":[0.02052799788],"iteration":398,"passed_time":4.505365772,"remaining_time":6.786277767},
{"learn":[0.02052785633],"iteration":399,"passed_time":4.515729491,"remaining_time":6.773594236},
{"learn":[0.02052779427],"iteration":400,"passed_time":4.528256162,"remaining_time":6.764153219},
{"learn":[0.02052770282],"iteration":401,"passed_time":4.544951756,"remaining_time":6.760898384},
{"learn":[0.02052764771],"iteration":402,"passed_time":4.559678477,"remaining_time":6.754660175},
{"learn":[0.0205275631],"iteration":403,"passed_time":4.587890342,"remaining_time":6.768273872},
{"learn":[0.0205257402],"iteration":404,"passed_time":4.63250198,"remaining_time":6.805774515},
{"learn":[0.02052559358],"iteration":405,"passed_time":4.662384544,"remaining_time":6.821321229},
{"learn":[0.02052525883],"iteration":406,"passed_time":4.677763296,"remaining_time":6.815512616},
{"learn":[0.02052503106],"iteration":407,"passed_time":4.686486396,"remaining_time":6.799999869},
{"learn":[0.02052507248],"iteration":408,"passed_time":4.699904302,"remaining_time":6.791304261},
{"learn":[0.02052494991],"iteration":409,"passed_time":4.714795582,"remaining_time":6.784705838},
{"learn":[0.0205246583],"iteration":410,"passed_time":4.729595635,"remaining_time":6.777936323},
{"learn":[0.02052452888],"iteration":411,"passed_time":4.740744665,"remaining_time":6.765917143},
{"learn":[0.02052447539],"iteration":412,"passed_time":4.750440515,"remaining_time":6.751836761},
{"learn":[0.02052432878],"iteration":413,"passed_time":4.762043207,"remaining_time":6.740476617},
{"learn":[0.0205241545],"iteration":414,"passed_time":4.770193836,"remaining_time":6.724249143},
{"learn":[0.02052382282],"iteration":415,"passed_time":4.780614515,"remaining_time":6.7112473},
{"learn":[0.02052382282],"iteration":416,"passed_time":4.789123806,"remaining_time":6.695585562},
{"learn":[0.02052368284],"iteration":417,"passed_time":4.794954416,"remaining_time":6.676228397},
{"learn":[0.02052327049],"iteration":418,"passed_time":4.803644171,"remaining_time":6.66090039},
{"learn":[0.0205230699],"iteration":419,"passed_time":4.809587924,"remaining_time":6.641811894},
{"learn":[0.02052274577],"iteration":420,"passed_time":4.817449193,"remaining_time":6.625422999},
{"learn":[0.02052169692],"iteration":421,"passed_time":4.824719728,"remaining_time":6.60826541},
{"learn":[0.02052140493],"iteration":422,"passed_time":4.83159505,"remaining_time":6.590615471},
{"learn":[0.02052131526],"iteration":423,"passed_time":4.839131894,"remaining_time":6.573915026},
{"learn":[0.02052096848],"iteration":424,"passed_time":4.845390108,"remaining_time":6.555527793},
{"learn":[0.02052084592],"iteration":425,"passed_time":4.853462048,"remaining_time":6.539641351},
{"learn":[0.02052070966],"iteration":426,"passed_time":4.860951717,"remaining_time":6.523010149},
{"learn":[0.02052056638],"iteration":427,"passed_time":4.871167448,"remaining_time":6.510064907},
{"learn":[0.02052040424],"iteration":428,"passed_time":4.877575435,"remaining_time":6.492064273},
{"learn":[0.02052026965],"iteration":429,"passed_time":4.885714216,"remaining_time":6.476411868},
{"learn":[0.02052007644],"iteration":430,"passed_time":4.894511928,"remaining_time":6.461664239},
{"learn":[0.02052003142],"iteration":431,"passed_time":4.902939985,"remaining_time":6.446458128},
{"learn":[0.02051976542],"iteration":432,"passed_time":4.908991109,"remaining_time":6.428170806},
{"learn":[0.02051930292],"iteration":433,"passed_time":4.917182929,"remaining_time":6.412731654},
{"learn":[0.02051823876],"iteration":434,"passed_time":4.924654806,"remaining_time":6.396390726},
{"learn":[0.02051798344],"iteration":435,"passed_time":4.934647017,"remaining_time":6.383350729},
{"learn":[0.02051767107],"iteration":436,"passed_time":4.942226003,"remaining_time":6.367215652},
{"learn":[0.02051758468],"iteration":437,"passed_time":4.949952131,"remaining_time":6.351308442},
{"learn":[0.0205175244],"iteration":438,"passed_time":4.973252321,"remaining_time":6.355340665},
{"learn":[0.02051756058],"iteration":439,"passed_time":4.984656946,"remaining_time":6.34410884},
{"learn":[0.02051645333],"iteration":440,"passed_time":4.991780541,"remaining_time":6.327449711},
{"learn":[0.02051632564],"iteration":441,"passed_time":5.003462265,"remaining_time":6.316588108},
{"learn":[0.0205161394],"iteration":442,"passed_time":5.012366235,"remaining_time":6.302230232},
{"learn":[0.02051610143],"iteration":443,"passed_time":5.023671832,"remaining_time":6.290904366},
{"learn":[0.02051555385],"iteration":444,"passed_time":5.034686251,"remaining_time":6.279215436},
{"learn":[0.02051549168],"iteration":445,"passed_time":5.044854201,"remaining_time":6.266478088},
{"learn":[0.02051547793],"iteration":446,"passed_time":5.053829949,"remaining_time":6.25227732},
{"learn":[0.02051540891],"iteration":447,"passed_time":5.065895299,"remaining_time":6.241906708},
{"learn":[0.02051536582],"iteration":448,"passed_time":5.072787875,"remaining_time":6.225180667},
{"learn":[0.02051536582],"iteration":449,"passed_time":5.082820299,"remaining_time":6.21233592},
{"learn":[0.02051526224],"iteration":450,"passed_time":5.09768888,"remaining_time":6.205390677},
{"learn":[0.02051502066],"iteration":451,"passed_time":5.113464623,"remaining_time":6.199510206},
{"learn":[0.02051477882],"iteration":452,"passed_time":5.122958851,"remaining_time":6.186001085},
{"learn":[0.02051470807],"iteration":453,"passed_time":5.139806237,"remaining_time":6.181352875},
{"learn":[0.0205146425],"iteration":454,"passed_time":5.149787846,"remaining_time":6.1684272},
{"learn":[0.02051456491],"iteration":455,"passed_time":5.211655394,"remaining_time":6.217413452},
{"learn":[0.02051434884],"iteration":456,"passed_time":5.22746626,"remaining_time":6.211190764},
{"learn":[0.02051422477],"iteration":457,"passed_time":5.249620735,"remaining_time":6.212433272},
{"learn":[0.0205139537],"iteration":458,"passed_time":5.299973177,"remaining_time":6.246809343},
{"learn":[0.02051390528],"iteration":459,"passed_time":5.311551536,"remaining_time":6.235299629},
{"learn":[0.02051377769],"iteration":460,"passed_time":5.32217169,"remaining_time":6.222669286},
{"learn":[0.02051362925],"iteration":461,"passed_time":5.345652015,"remaining_time":6.225023342},
{"learn":[0.02051319792],"iteration":462,"passed_time":5.360771395,"remaining_time":6.217568551},
{"learn":[0.02051309099],"iteration":463,"passed_time":5.376708686,"remaining_time":6.211025551},
{"learn":[0.02051303906],"iteration":464,"passed_time":5.393132456,"remaining_time":6.205001858},
{"learn":[0.02051289062],"iteration":465,"passed_time":5.404227786,"remaining_time":6.192827549},
{"learn":[0.02051288021],"iteration":466,"passed_time":5.41620872,"remaining_time":6.181668624},
{"learn":[0.02051275602],"iteration":467,"passed_time":5.433146264,"remaining_time":6.176140625},
{"learn":[0.02051267654],"iteration":468,"passed_time":5.43998528,"remaining_time":6.159130456},
{"learn":[0.02051254028],"iteration":469,"passed_time":5.448177015,"remaining_time":6.143688974},
{"learn":[0.02051242127],"iteration":470,"passed_time":5.455220954,"remaining_time":6.12698914},
{"learn":[0.02051140047],"iteration":471,"passed_time":5.463449656,"remaining_time":6.111655548},
{"learn":[0.02051140047],"iteration":472,"passed_time":5.469280651,"remaining_time":6.093680556},
{"learn":[0.02051134002],"iteration":473,"passed_time":5.477812996,"remaining_time":6.078754506},
{"learn":[0.02051114854],"iteration":474,"passed_time":5.487331311,"remaining_time":6.064945133},
{"learn":[0.02051103978],"iteration":475,"passed_time":5.498344336,"remaining_time":6.052799227},
{"learn":[0.02051073964],"iteration":476,"passed_time":5.504826303,"remaining_time":6.035690055},
{"learn":[0.02051068615],"iteration":477,"passed_time":5.519042047,"remaining_time":6.027071022},
{"learn":[0.02051058419],"iteration":478,"passed_time":5.526885076,"remaining_time":6.011497129},
{"learn":[0.02051054973],"iteration":479,"passed_time":5.533670905,"remaining_time":5.994810147},
{"learn":[0.02050950137],"iteration":480,"passed_time":5.54290774,"remaining_time":5.980808975},
{"learn":[0.02050952892],"iteration":481,"passed_time":5.554504041,"remaining_time":5.969363264},
{"learn":[0.02050945478],"iteration":482,"passed_time":5.566457986,"remaining_time":5.958299749},
{"learn":[0.02050945472],"iteration":483,"passed_time":5.579355753,"remaining_time":5.948238778},
{"learn":[0.02050923736],"iteration":484,"passed_time":5.609644413,"remaining_time":5.956632727},
{"learn":[0.02050921666],"iteration":485,"passed_time":5.629171505,"remaining_time":5.953485913},
{"learn":[0.02050899924],"iteration":486,"passed_time":5.636564478,"remaining_time":5.937489891},
{"learn":[0.02050873006],"iteration":487,"passed_time":5.64892401,"remaining_time":5.926739945},
{"learn":[0.02050864551],"iteration":488,"passed_time":5.660139624,"remaining_time":5.914788033},
{"learn":[0.02050837126],"iteration":489,"passed_time":5.678270866,"remaining_time":5.910037024},
{"learn":[0.02050831264],"iteration":490,"passed_time":5.690883512,"remaining_time":5.899510606},
{"learn":[0.02050822621],"iteration":491,"passed_time":5.699933743,"remaining_time":5.885297442},
{"learn":[0.0205079485],"iteration":492,"passed_time":5.711407106,"remaining_time":5.873597166},
{"learn":[0.02050780874],"iteration":493,"passed_time":5.724666036,"remaining_time":5.86372675},
{"learn":[0.0205076928],"iteration":494,"passed_time":5.732257093,"remaining_time":5.848060267},
{"learn":[0.0205074],"iteration":495,"passed_time":5.743119049,"remaining_time":5.835750001},
{"learn":[0.0205073394],"iteration":496,"passed_time":5.765525844,"remaining_time":5.835129778},
{"learn":[0.02050734031],"iteration":497,"passed_time":5.776337835,"remaining_time":5.822734123},
{"learn":[0.0205072652],"iteration":498,"passed_time":5.790545437,"remaining_time":5.813754036},
{"learn":[0.02050237669],"iteration":499,"passed_time":5.81018073,"remaining_time":5.81018073},
{"learn":[0.02050205089],"iteration":500,"passed_time":5.819838126,"remaining_time":5.796605239},
{"learn":[0.02050160673],"iteration":501,"passed_time":5.826884437,"remaining_time":5.780455079},
{"learn":[0.02047262157],"iteration":502,"passed_time":5.836583577,"remaining_time":5.766962301},
{"learn":[0.02047243338],"iteration":503,"passed_time":5.843993877,"remaining_time":5.751232069},
{"learn":[0.02047237984],"iteration":504,"passed_time":5.851620929,"remaining_time":5.735747247},
{"learn":[0.02047222605],"iteration":505,"passed_time":5.858744884,"remaining_time":5.719802318},
{"learn":[0.02047194797],"iteration":506,"passed_time":5.868279978,"remaining_time":5.706236744},
{"learn":[0.02047183749],"iteration":507,"passed_time":5.87594329,"remaining_time":5.69087421},
{"learn":[0.02047183749],"iteration":508,"passed_time":5.882578565,"remaining_time":5.674550246},
{"learn":[0.02047188413],"iteration":509,"passed_time":5.888861011,"remaining_time":5.657925285},
{"learn":[0.02047166661],"iteration":510,"passed_time":5.8999703,"remaining_time":5.645959837},
{"learn":[0.0204714232],"iteration":511,"passed_time":5.90642643,"remaining_time":5.629562691},
{"learn":[0.02047145604],"iteration":512,"passed_time":5.914500431,"remaining_time":5.614740176},
{"learn":[0.02047101576],"iteration":513,"passed_time":5.92146706,"remaining_time":5.59889687},
{"learn":[0.0204702651],"iteration":514,"passed_time":5.932740784,"remaining_time":5.587144234},
{"learn":[0.02047012011],"iteration":515,"passed_time":5.939580832,"remaining_time":5.571234734},
{"learn":[0.02046971639],"iteration":516,"passed_time":5.947394597,"remaining_time":5.556270001},
{"learn":[0.02046957996],"iteration":517,"passed_time":5.954114759,"remaining_time":5.540315278},
{"learn":[0.0204691571],"iteration":518,"passed_time":5.963917929,"remaining_time":5.527253418},
{"learn":[0.02046916546],"iteration":519,"passed_time":5.971903354,"remaining_time":5.512526173},
{"learn":[0.02046891348],"iteration":520,"passed_time":5.979547795,"remaining_time":5.497511313},
{"learn":[0.02046882721],"iteration":521,"passed_time":5.99432538,"remaining_time":5.489056574},
{"learn":[0.02046879954],"iteration":522,"passed_time":6.008513105,"remaining_time":5.480039677},
{"learn":[0.0204685096],"iteration":523,"passed_time":6.016602657,"remaining_time":5.465463482},
{"learn":[0.02046823697],"iteration":524,"passed_time":6.024406086,"remaining_time":5.450653125},
{"learn":[0.02046797803],"iteration":525,"passed_time":6.032025909,"remaining_time":5.435703956},
{"learn":[0.0204679349],"iteration":526,"passed_time":6.044082632,"remaining_time":5.424764867},
{"learn":[0.02046785013],"iteration":527,"passed_time":6.05206064,"remaining_time":5.41017542},
{"learn":[0.0204676745],"iteration":528,"passed_time":6.065926955,"remaining_time":5.400853679},
{"learn":[0.02046754854],"iteration":529,"passed_time":6.080031696,"remaining_time":5.391726221},
{"learn":[0.02046714978],"iteration":530,"passed_time":6.094058835,"remaining_time":5.382511476},
{"learn":[0.0204670565],"iteration":531,"passed_time":6.107858043,"remaining_time":5.373078128},
{"learn":[0.0204668579],"iteration":532,"passed_time":6.117946124,"remaining_time":5.360376811},
{"learn":[0.0204668579],"iteration":533,"passed_time":6.132924358,"remaining_time":5.351952717},
{"learn":[0.02046690427],"iteration":534,"passed_time":6.146974884,"remaining_time":5.342697796},
{"learn":[0.0204666765],"iteration":535,"passed_time":6.16346485,"remaining_time":5.335536736},
{"learn":[0.02046640215],"iteration":536,"passed_time":6.176851694,"remaining_time":5.325665427},
{"learn":[0.02046627958],"iteration":537,"passed_time":6.191454672,"remaining_time":5.316825388},
{"learn":[0.0204658413],"iteration":538,"passed_time":6.206905218,"remaining_time":5.308688879},
{"learn":[0.0204656997],"iteration":539,"passed_time":6.236158833,"remaining_time":5.31228345},
{"learn":[0.02046566697],"iteration":540,"passed_time":6.270131728,"remaining_time":5.319760561},
{"learn":[0.02043860953],"iteration":541,"passed_time":6.286933145,"remaining_time":5.312574502},
{"learn":[0.02043839384],"iteration":542,"passed_time":6.299546893,"remaining_time":5.301828601},
{"learn":[0.02036479284],"iteration":543,"passed_time":6.313008388,"remaining_time":5.291786443},
{"learn":[0.02036424229],"iteration":544,"passed_time":6.329031201,"remaining_time":5.283870085},
{"learn":[0.02025307044],"iteration":545,"passed_time":6.34337608,"remaining_time":5.274528829},
{"learn":[0.02025261744],"iteration":546,"passed_time":6.356451247,"remaining_time":5.26411776},
{"learn":[0.02025263971],"iteration":547,"passed_time":6.366626021,"remaining_time":5.251304675},
{"learn":[0.02025218002],"iteration":548,"passed_time":6.375095496,"remaining_time":5.237100308},
{"learn":[0.02025206506],"iteration":549,"passed_time":6.387361983,"remaining_time":5.226023441},
{"learn":[0.02025199625],"iteration":550,"passed_time":6.404363044,"remaining_time":5.218800375},
{"learn":[0.02025177431],"iteration":551,"passed_time":6.415259415,"remaining_time":5.206587351},
{"learn":[0.02025165282],"iteration":552,"passed_time":6.426440406,"remaining_time":5.194609153},
{"learn":[0.02025153872],"iteration":553,"passed_time":6.434514289,"remaining_time":5.180132442},
{"learn":[0.0202513962],"iteration":554,"passed_time":6.445828434,"remaining_time":5.168276852},
{"learn":[0.02025118892],"iteration":555,"passed_time":6.464518209,"remaining_time":5.162313102},
{"learn":[0.02025083821],"iteration":556,"passed_time":6.478151948,"remaining_time":5.152282429},
{"learn":[0.02025064641],"iteration":557,"passed_time":6.49378176,"remaining_time":5.14381996},
{"learn":[0.02025051516],"iteration":558,"passed_time":6.504039538,"remaining_time":5.131093804},
{"learn":[0.02025047186],"iteration":559,"passed_time":6.533733492,"remaining_time":5.133647744},
{"learn":[0.02025001589],"iteration":560,"passed_time":6.553921833,"remaining_time":5.12864828},
{"learn":[0.02024995021],"iteration":561,"passed_time":6.596653999,"remaining_time":5.141164504},
{"learn":[0.02024985693],"iteration":562,"passed_time":6.60497821,"remaining_time":5.126777048},
{"learn":[0.02024974294],"iteration":563,"passed_time":6.638741784,"remaining_time":5.132076982},
{"learn":[0.02024835012],"iteration":564,"passed_time":6.657942333,"remaining_time":5.126026398},
{"learn":[0.02024826034],"iteration":565,"passed_time":6.674571479,"remaining_time":5.117957636},
{"learn":[0.02024803235],"iteration":566,"passed_time":6.686307385,"remaining_time":5.106121866},
{"learn":[0.02024800124],"iteration":567,"passed_time":6.697010423,"remaining_time":5.093500885},
{"learn":[0.02024774931],"iteration":568,"passed_time":6.712580008,"remaining_time":5.084572906},
{"learn":[0.02024773189],"iteration":569,"passed_time":6.729026149,"remaining_time":5.076282884},
{"learn":[0.02024766632],"iteration":570,"passed_time":6.741001734,"remaining_time":5.064605506},
{"learn":[0.0202475333],"iteration":571,"passed_time":6.749471213,"remaining_time":5.050303635},
{"learn":[0.02024741763],"iteration":572,"passed_time":6.759246258,"remaining_time":5.03699503},
{"learn":[0.02024735196],"iteration":573,"passed_time":6.769840187,"remaining_time":5.02430648},
{"learn":[0.02024726557],"iteration":574,"passed_time":6.777079116,"remaining_time":5.009145433},
{"learn":[0.02024718264],"iteration":575,"passed_time":6.80242475,"remaining_time":5.007340441},
{"learn":[0.02024711534],"iteration":576,"passed_time":6.823379255,"remaining_time":5.002234705},
{"learn":[0.02024709631],"iteration":577,"passed_time":6.8396377,"remaining_time":4.993645518},
{"learn":[0.02024684239],"iteration":578,"passed_time":6.858149468,"remaining_time":4.986668266},
{"learn":[0.02024669227],"iteration":579,"passed_time":6.877802801,"remaining_time":4.98047789},
{"learn":[0.02024595703],"iteration":580,"passed_time":6.8938403,"remaining_time":4.971633538},
{"learn":[0.02024585517],"iteration":581,"passed_time":6.904555899,"remaining_time":4.958942209},
{"learn":[0.02024567912],"iteration":582,"passed_time":6.916561332,"remaining_time":4.947180232},
{"learn":[0.0202457325],"iteration":583,"passed_time":6.92860159,"remaining_time":4.935442229},
{"learn":[0.02024556868],"iteration":584,"passed_time":6.937598315,"remaining_time":4.921544104},
{"learn":[0.02024564622],"iteration":585,"passed_time":6.947922492,"remaining_time":4.908600532},
{"learn":[0.02024557041],"iteration":586,"passed_time":6.963848654,"remaining_time":4.899607315},
{"learn":[0.0202454548],"iteration":587,"passed_time":6.974335195,"remaining_time":4.886779083},
{"learn":[0.02024536669],"iteration":588,"passed_time":6.98720524,"remaining_time":4.875621993},
{"learn":[0.02024511476],"iteration":589,"passed_time":7.000232792,"remaining_time":4.86456855},
{"learn":[0.02024470862],"iteration":590,"passed_time":7.01133012,"remaining_time":4.852172621},
{"learn":[0.02024466909],"iteration":591,"passed_time":7.022091323,"remaining_time":4.839549425},
{"learn":[0.02024447222],"iteration":592,"passed_time":7.036265707,"remaining_time":4.829275114},
{"learn":[0.02024434798],"iteration":593,"passed_time":7.065649869,"remaining_time":4.829383581},
{"learn":[0.02024426694],"iteration":594,"passed_time":7.079407002,"remaining_time":4.818756027},
{"learn":[0.0202428642],"iteration":595,"passed_time":7.094316956,"remaining_time":4.808899413},
{"learn":[0.02024280893],"iteration":596,"passed_time":7.108263619,"remaining_time":4.798375609},
{"learn":[0.02024243794],"iteration":597,"passed_time":7.123958406,"remaining_time":4.789015517},
{"learn":[0.02024228793],"iteration":598,"passed_time":7.130728654,"remaining_time":4.77365975},
{"learn":[0.02024192557],"iteration":599,"passed_time":7.141524916,"remaining_time":4.761016611},
{"learn":[0.02024188416],"iteration":600,"passed_time":7.148532149,"remaining_time":4.745864105},
{"learn":[0.02024100635],"iteration":601,"passed_time":7.157542963,"remaining_time":4.732063288},
{"learn":[0.02024093905],"iteration":602,"passed_time":7.164649142,"remaining_time":4.717024394},
{"learn":[0.02024083536],"iteration":603,"passed_time":7.176956931,"remaining_time":4.705422094},
{"learn":[0.02024076639],"iteration":604,"passed_time":7.186039205,"remaining_time":4.691711547},
{"learn":[0.02024070428],"iteration":605,"passed_time":7.193604668,"remaining_time":4.677030097},
{"learn":[0.02024038365],"iteration":606,"passed_time":7.203637763,"remaining_time":4.663969754},
{"learn":[0.02024022496],"iteration":607,"passed_time":7.211048917,"remaining_time":4.649228907},
{"learn":[0.02024017292],"iteration":608,"passed_time":7.221294554,"remaining_time":4.636331972},
{"learn":[0.02024015055],"iteration":609,"passed_time":7.229233133,"remaining_time":4.621968724},
{"learn":[0.02024002464],"iteration":610,"passed_time":7.23944679,"remaining_time":4.609074961},
{"learn":[0.02023991075],"iteration":611,"passed_time":7.245618526,"remaining_time":4.593627431},
{"learn":[0.02023974489],"iteration":612,"passed_time":7.253581524,"remaining_time":4.579341028},
{"learn":[0.02023955163],"iteration":613,"passed_time":7.260581207,"remaining_time":4.564469619},
{"learn":[0.02023958953],"iteration":614,"passed_time":7.27076377,"remaining_time":4.551616344},
{"learn":[0.02023938776],"iteration":615,"passed_time":7.27753193,"remaining_time":4.536643281},
{"learn":[0.0202392825],"iteration":616,"passed_time":7.287382119,"remaining_time":4.52360997},
{"learn":[0.02023916344],"iteration":617,"passed_time":7.306672665,"remaining_time":4.516422262},
{"learn":[0.02023910644],"iteration":618,"passed_time":7.315252237,"remaining_time":4.50260275},
{"learn":[0.02023886665],"iteration":619,"passed_time":7.321863645,"remaining_time":4.487593847},
{"learn":[0.02023889253],"iteration":620,"passed_time":7.330695754,"remaining_time":4.473967296},
{"learn":[0.02023865786],"iteration":621,"passed_time":7.337095056,"remaining_time":4.458877703},
{"learn":[0.02023835891],"iteration":622,"passed_time":7.34593872,"remaining_time":4.44529518},
{"learn":[0.02023827442],"iteration":623,"passed_time":7.353187479,"remaining_time":4.430766814},
{"learn":[0.02023823646],"iteration":624,"passed_time":7.361177941,"remaining_time":4.416706765},
{"learn":[0.02023818636],"iteration":625,"passed_time":7.368463136,"remaining_time":4.402244749},
{"learn":[0.02023808795],"iteration":626,"passed_time":7.379268721,"remaining_time":4.389899893},
{"learn":[0.02023804999],"iteration":627,"passed_time":7.386848056,"remaining_time":4.375648848},
{"learn":[0.02023804476],"iteration":628,"passed_time":7.395129665,"remaining_time":4.361833237},
{"learn":[0.02023773201],"iteration":629,"passed_time":7.403328828,"remaining_time":4.347986772},
{"learn":[0.02023753886],"iteration":630,"passed_time":7.410796397,"remaining_time":4.333730381},
{"learn":[0.02023744552],"iteration":631,"passed_time":7.418086942,"remaining_time":4.319392397},
{"learn":[0.0202373628],"iteration":632,"passed_time":7.427849496,"remaining_time":4.306509897},
{"learn":[0.02023731411],"iteration":633,"passed_time":7.43716545,"remaining_time":4.293379424},
{"learn":[0.02023724859],"iteration":634,"passed_time":7.445012364,"remaining_time":4.279416556},
{"learn":[0.02023720686],"iteration":635,"passed_time":7.451574987,"remaining_time":4.264737886},
{"learn":[0.02023716221],"iteration":636,"passed_time":7.459994795,"remaining_time":4.251143031},
{"learn":[0.02023709136],"iteration":637,"passed_time":7.4667188,"remaining_time":4.236602203},
{"learn":[0.02023708257],"iteration":638,"passed_time":7.474619343,"remaining_time":4.222750521},
{"learn":[0.02023691309],"iteration":639,"passed_time":7.483329478,"remaining_time":4.209372831},
{"learn":[0.02023682681],"iteration":640,"passed_time":7.49659848,"remaining_time":4.198562955},
{"learn":[0.02023678696],"iteration":641,"passed_time":7.531464582,"remaining_time":4.199788661},
{"learn":[0.02023665415],"iteration":642,"passed_time":7.563175951,"remaining_time":4.199150567},
{"learn":[0.02023470658],"iteration":643,"passed_time":7.572107674,"remaining_time":4.185823497},
{"learn":[0.02023458897],"iteration":644,"passed_time":7.578228958,"remaining_time":4.170963225},
{"learn":[0.02023449903],"iteration":645,"passed_time":7.586819019,"remaining_time":4.157482868},
{"learn":[0.02023438159],"iteration":646,"passed_time":7.59278422,"remaining_time":4.142585517},
{"learn":[0.02023431596],"iteration":647,"passed_time":7.599333482,"remaining_time":4.128033002},
{"learn":[0.02023422429],"iteration":648,"passed_time":7.609454358,"remaining_time":4.115436795},
{"learn":[0.02023401534],"iteration":649,"passed_time":7.621347248,"remaining_time":4.103802364},
{"learn":[0.02023363913],"iteration":650,"passed_time":7.627511483,"remaining_time":4.089096018},
{"learn":[0.02023220694],"iteration":651,"passed_time":7.636024667,"remaining_time":4.075669608},
{"learn":[0.02023216887],"iteration":652,"passed_time":7.642229253,"remaining_time":4.061031472},
{"learn":[0.02023215858],"iteration":653,"passed_time":7.649494016,"remaining_time":4.046980014},
{"learn":[0.0202318826],"iteration":654,"passed_time":7.65609538,"remaining_time":4.032599857},
{"learn":[0.0202318084],"iteration":655,"passed_time":7.662648859,"remaining_time":4.018218304},
{"learn":[0.020230378],"iteration":656,"passed_time":7.670493223,"remaining_time":4.004534514},
{"learn":[0.02023037633],"iteration":657,"passed_time":7.678606429,"remaining_time":3.991008205},
{"learn":[0.02023037633],"iteration":658,"passed_time":7.687350783,"remaining_time":3.977824912},
{"learn":[0.02023030553],"iteration":659,"passed_time":7.695221323,"remaining_time":3.964204924},
{"learn":[0.0202302192],"iteration":660,"passed_time":7.706530078,"remaining_time":3.952365653},
{"learn":[0.02022996037],"iteration":661,"passed_time":7.714885782,"remaining_time":3.939020233},
{"learn":[0.02022976387],"iteration":662,"passed_time":7.723880854,"remaining_time":3.926014854},
{"learn":[0.02022857952],"iteration":663,"passed_time":7.731597955,"remaining_time":3.912374869},
{"learn":[0.02022842794],"iteration":664,"passed_time":7.738236455,"remaining_time":3.898209342},
{"learn":[0.02022816906],"iteration":665,"passed_time":7.744443679,"remaining_time":3.883850133},
{"learn":[0.02022805874],"iteration":666,"passed_time":7.754473104,"remaining_time":3.871423604},
{"learn":[0.0202278259],"iteration":667,"passed_time":7.762972838,"remaining_time":3.858243985},
{"learn":[0.02022760854],"iteration":668,"passed_time":7.769578858,"remaining_time":3.844141408},
{"learn":[0.02022746219],"iteration":669,"passed_time":7.775900961,"remaining_time":3.829921369},
{"learn":[0.02022725529],"iteration":670,"passed_time":7.787358388,"remaining_time":3.818242786},
{"learn":[0.02022714836],"iteration":671,"passed_time":7.793930867,"remaining_time":3.804180542},
{"learn":[0.02022709341],"iteration":672,"passed_time":7.802902062,"remaining_time":3.791306054},
{"learn":[0.02022698967],"iteration":673,"passed_time":7.809448794,"remaining_time":3.777270485},
{"learn":[0.02022683432],"iteration":674,"passed_time":7.819691976,"remaining_time":3.765036878},
{"learn":[0.02022661027],"iteration":675,"passed_time":7.830603723,"remaining_time":3.753129595},
{"learn":[0.02022656524],"iteration":676,"passed_time":7.836839024,"remaining_time":3.738994099},
{"learn":[0.02022619798],"iteration":677,"passed_time":7.844632288,"remaining_time":3.725621824},
{"learn":[0.02022606166],"iteration":678,"passed_time":7.850753373,"remaining_time":3.711475453},
{"learn":[0.02022571672],"iteration":679,"passed_time":7.857170289,"remaining_time":3.697491901},
{"learn":[0.02022573074],"iteration":680,"passed_time":7.864914549,"remaining_time":3.684152336},
{"learn":[0.02022553732],"iteration":681,"passed_time":7.872454779,"remaining_time":3.670734047},
{"learn":[0.02022553198],"iteration":682,"passed_time":7.886082537,"remaining_time":3.660158367},
{"learn":[0.0202254649],"iteration":683,"passed_time":7.89922944,"remaining_time":3.649351613},
{"learn":[0.02022544764],"iteration":684,"passed_time":7.915625327,"remaining_time":3.640032085},
{"learn":[0.02022534751],"iteration":685,"passed_time":7.971052615,"remaining_time":3.648557611},
{"learn":[0.02022532858],"iteration":686,"passed_time":7.98466735,"remaining_time":3.637846988},
{"learn":[0.0202251419],"iteration":687,"passed_time":7.997240859,"remaining_time":3.626655738},
{"learn":[0.02022484209],"iteration":688,"passed_time":8.018051612,"remaining_time":3.619178594},
{"learn":[0.02022478332],"iteration":689,"passed_time":8.031196618,"remaining_time":3.60821877},
{"learn":[0.02022428653],"iteration":690,"passed_time":8.040687966,"remaining_time":3.595618786},
{"learn":[0.02022426577],"iteration":691,"passed_time":8.057396136,"remaining_time":3.586239899},
{"learn":[0.02022406356],"iteration":692,"passed_time":8.069225959,"remaining_time":3.574678744},
{"learn":[0.02022402705],"iteration":693,"passed_time":8.080814995,"remaining_time":3.563010646},
{"learn":[0.02022409289],"iteration":694,"passed_time":8.091339551,"remaining_time":3.55087563},
{"learn":[0.02022408421],"iteration":695,"passed_time":8.101172621,"remaining_time":3.538443214},
{"learn":[0.02022399098],"iteration":696,"passed_time":8.110944258,"remaining_time":3.52599155},
{"learn":[0.02022399427],"iteration":697,"passed_time":8.120395495,"remaining_time":3.513408939},
{"learn":[0.02022370422],"iteration":698,"passed_time":8.128186022,"remaining_time":3.500120161},
{"learn":[0.02022349716],"iteration":699,"passed_time":8.137936669,"remaining_time":3.487687144},
{"learn":[0.02022342301],"iteration":700,"passed_time":8.146889608,"remaining_time":3.47492153},
{"learn":[0.02022335577],"iteration":701,"passed_time":8.155511385,"remaining_time":3.4620262},
{"learn":[0.02022319735],"iteration":702,"passed_time":8.162092423,"remaining_time":3.448280867},
{"learn":[0.02022303903],"iteration":703,"passed_time":8.171566571,"remaining_time":3.435772308},
{"learn":[0.02022301994],"iteration":704,"passed_time":8.178443509,"remaining_time":3.422185582},
{"learn":[0.02022274855],"iteration":705,"passed_time":8.188384346,"remaining_time":3.409893765},
{"learn":[0.02022268821],"iteration":706,"passed_time":8.19445544,"remaining_time":3.396004871},
{"learn":[0.02022268303],"iteration":707,"passed_time":8.203984014,"remaining_time":3.383564028},
{"learn":[0.02022271043],"iteration":708,"passed_time":8.212298286,"remaining_time":3.370633006},
{"learn":[0.02022268654],"iteration":709,"passed_time":8.220164492,"remaining_time":3.357531976},
{"learn":[0.02022247603],"iteration":710,"passed_time":8.226136271,"remaining_time":3.343675643},
{"learn":[0.02022190682],"iteration":711,"passed_time":8.235952941,"remaining_time":3.331396695},
{"learn":[0.02022192402],"iteration":712,"passed_time":8.244012041,"remaining_time":3.318417189},
{"learn":[0.02022183764],"iteration":713,"passed_time":8.251440877,"remaining_time":3.305199007},
{"learn":[0.02022174257],"iteration":714,"passed_time":8.257766688,"remaining_time":3.291557351},
{"learn":[0.02022174257],"iteration":715,"passed_time":8.267443473,"remaining_time":3.279265288},
{"learn":[0.02022177013],"iteration":716,"passed_time":8.27473366,"remaining_time":3.26603853},
{"learn":[0.02022138339],"iteration":717,"passed_time":8.282448107,"remaining_time":3.252994939},
{"learn":[0.02022120938],"iteration":718,"passed_time":8.289305737,"remaining_time":3.23963131},
{"learn":[0.02022116102],"iteration":719,"passed_time":8.299149133,"remaining_time":3.227446885},
{"learn":[0.02022081742],"iteration":720,"passed_time":8.307608125,"remaining_time":3.214733241},
{"learn":[0.02022072608],"iteration":721,"passed_time":8.317557945,"remaining_time":3.202605414},
{"learn":[0.02022053104],"iteration":722,"passed_time":8.32572409,"remaining_time":3.189800239},
{"learn":[0.02022034463],"iteration":723,"passed_time":8.343322031,"remaining_time":3.180603426},
{"learn":[0.02022018933],"iteration":724,"passed_time":8.351953073,"remaining_time":3.1679822},
{"learn":[0.02022019106],"iteration":725,"passed_time":8.358415178,"remaining_time":3.154553387},
{"learn":[0.02022013239],"iteration":726,"passed_time":8.366579709,"remaining_time":3.141783027},
{"learn":[0.02021987879],"iteration":727,"passed_time":8.373522687,"remaining_time":3.128568916},
{"learn":[0.02021972522],"iteration":728,"passed_time":8.382439773,"remaining_time":3.116105869},
{"learn":[0.02021965631],"iteration":729,"passed_time":8.388672191,"remaining_time":3.102659578},
{"learn":[0.02021960449],"iteration":730,"passed_time":8.398378894,"remaining_time":3.090511522},
{"learn":[0.02021962498],"iteration":731,"passed_time":8.406301135,"remaining_time":3.077716809},
{"learn":[0.02021953029],"iteration":732,"passed_time":8.41649447,"remaining_time":3.065762651},
{"learn":[0.02021942476],"iteration":733,"passed_time":8.423383852,"remaining_time":3.052615946},
{"learn":[0.02021940406],"iteration":734,"passed_time":8.431444941,"remaining_time":3.03990872},
{"learn":[0.02021930409],"iteration":735,"passed_time":8.438637847,"remaining_time":3.026902706},
{"learn":[0.02021929379],"iteration":736,"passed_time":8.445950311,"remaining_time":3.013955131},
{"learn":[0.02021915893],"iteration":737,"passed_time":8.452438864,"remaining_time":3.000730328},
{"learn":[0.02021911573],"iteration":738,"passed_time":8.460554762,"remaining_time":2.988098502},
{"learn":[0.02021906219],"iteration":739,"passed_time":8.470088548,"remaining_time":2.975977057},
{"learn":[0.02021862455],"iteration":740,"passed_time":8.479456379,"remaining_time":2.963804591},
{"learn":[0.02021853838],"iteration":741,"passed_time":8.485718039,"remaining_time":2.950559642},
{"learn":[0.02021845912],"iteration":742,"passed_time":8.49378038,"remaining_time":2.937956336},
{"learn":[0.02021836443],"iteration":743,"passed_time":8.502087163,"remaining_time":2.925449346},
{"learn":[0.02021825901],"iteration":744,"passed_time":8.513377882,"remaining_time":2.91397498},
{"learn":[0.02021815214],"iteration":745,"passed_time":8.52233828,"remaining_time":2.901707672},
{"learn":[0.02021817117],"iteration":746,"passed_time":8.539856094,"remaining_time":2.892347512},
{"learn":[0.02021806915],"iteration":747,"passed_time":8.571538471,"remaining_time":2.88773756},
{"learn":[0.02021794863],"iteration":748,"passed_time":8.583410028,"remaining_time":2.876416445},
{"learn":[0.02021796783],"iteration":749,"passed_time":8.595470024,"remaining_time":2.865156675},
{"learn":[0.02021785535],"iteration":750,"passed_time":8.606725349,"remaining_time":2.853627978},
{"learn":[0.02021782596],"iteration":751,"passed_time":8.61380487,"remaining_time":2.840722883},
{"learn":[0.02021770711],"iteration":752,"passed_time":8.626138381,"remaining_time":2.82955668},
{"learn":[0.02021763631],"iteration":753,"passed_time":8.633615821,"remaining_time":2.81680304},
{"learn":[0.02021755521],"iteration":754,"passed_time":8.64036592,"remaining_time":2.803827352},
{"learn":[0.02021754988],"iteration":755,"passed_time":8.649216794,"remaining_time":2.791546161},
{"learn":[0.02021753774],"iteration":756,"passed_time":8.656272323,"remaining_time":2.778697721},
{"learn":[0.02021745476],"iteration":757,"passed_time":8.664415655,"remaining_time":2.766211858},
{"learn":[0.02021732],"iteration":758,"passed_time":8.671183486,"remaining_time":2.753300685},
{"learn":[0.02021723006],"iteration":759,"passed_time":8.680756158,"remaining_time":2.741291418},
{"learn":[0.02021724058],"iteration":760,"passed_time":8.688324105,"remaining_time":2.72865895},
{"learn":[0.02021718353],"iteration":761,"passed_time":8.696392293,"remaining_time":2.716196018},
{"learn":[0.02021707466],"iteration":762,"passed_time":8.703977113,"remaining_time":2.703594464},
{"learn":[0.02021700208],"iteration":763,"passed_time":8.711229761,"remaining_time":2.690903434},
{"learn":[0.02021695732],"iteration":764,"passed_time":8.719591381,"remaining_time":2.678567287},
{"learn":[0.02021693985],"iteration":765,"passed_time":8.732409661,"remaining_time":2.667602951},
{"learn":[0.02021673246],"iteration":766,"passed_time":8.740965849,"remaining_time":2.655339039},
{"learn":[0.02021676018],"iteration":767,"passed_time":8.750072884,"remaining_time":2.643251184},
{"learn":[0.02021647757],"iteration":768,"passed_time":8.758135284,"remaining_time":2.630857283},
{"learn":[0.02021642392],"iteration":769,"passed_time":8.765511248,"remaining_time":2.618269593},
{"learn":[0.02021634104],"iteration":770,"passed_time":8.774966544,"remaining_time":2.60631302},
{"learn":[0.02021615603],"iteration":771,"passed_time":8.783855467,"remaining_time":2.594195656},
{"learn":[0.0202159137],"iteration":772,"passed_time":8.794392072,"remaining_time":2.582570505},
{"learn":[0.02021583778],"iteration":773,"passed_time":8.80054089,"remaining_time":2.569666978},
{"learn":[0.02021580316],"iteration":774,"passed_time":8.808654957,"remaining_time":2.557351439},
{"learn":[0.02021561314],"iteration":775,"passed_time":8.815584169,"remaining_time":2.544704709},
{"learn":[0.02021544711],"iteration":776,"passed_time":8.823561856,"remaining_time":2.532373609},
{"learn":[0.02021536418],"iteration":777,"passed_time":8.829973655,"remaining_time":2.519606878},
{"learn":[0.02021530708],"iteration":778,"passed_time":8.839411734,"remaining_time":2.50771501},
{"learn":[0.02021525181],"iteration":779,"passed_time":8.846385114,"remaining_time":2.495134263},
{"learn":[0.02021517745],"iteration":780,"passed_time":8.861152102,"remaining_time":2.484753278},
{"learn":[0.02021504954],"iteration":781,"passed_time":8.867475068,"remaining_time":2.472007116},
{"learn":[0.02021481838],"iteration":782,"passed_time":8.876792116,"remaining_time":2.460107138},
{"learn":[0.02021421083],"iteration":783,"passed_time":8.883152345,"remaining_time":2.447399115},
{"learn":[0.02021413496],"iteration":784,"passed_time":8.891759087,"remaining_time":2.435322552},
{"learn":[0.02021399163],"iteration":785,"passed_time":8.89819888,"remaining_time":2.422664835},
{"learn":[0.02021392779],"iteration":786,"passed_time":8.905966221,"remaining_time":2.410382217},
{"learn":[0.02021383984],"iteration":787,"passed_time":8.915139884,"remaining_time":2.39848941},
{"learn":[0.02021386395],"iteration":788,"passed_time":8.922366886,"remaining_time":2.386082906},
{"learn":[0.0202135451],"iteration":789,"passed_time":8.930992122,"remaining_time":2.374061197},
{"learn":[0.02021345192],"iteration":790,"passed_time":8.941201926,"remaining_time":2.362466754},
{"learn":[0.020213222],"iteration":791,"passed_time":8.960401806,"remaining_time":2.353236838},
{"learn":[0.02021302831],"iteration":792,"passed_time":8.974352487,"remaining_time":2.342611557},
{"learn":[0.02021262653],"iteration":793,"passed_time":8.985737928,"remaining_time":2.331312359},
{"learn":[0.0202126454],"iteration":794,"passed_time":8.993573336,"remaining_time":2.319097527},
{"learn":[0.0202125195],"iteration":795,"passed_time":9.005427285,"remaining_time":2.307923576},
{"learn":[0.02021252284],"iteration":796,"passed_time":9.01353301,"remaining_time":2.295793226},
{"learn":[0.02021228801],"iteration":797,"passed_time":9.028137962,"remaining_time":2.285318131},
{"learn":[0.02021225684],"iteration":798,"passed_time":9.037474867,"remaining_time":2.273507445},
{"learn":[0.02021151195],"iteration":799,"passed_time":9.045885625,"remaining_time":2.261471406},
{"learn":[0.02021136178],"iteration":800,"passed_time":9.054870586,"remaining_time":2.249587074},
{"learn":[0.02021133045],"iteration":801,"passed_time":9.061467771,"remaining_time":2.237120472},
{"learn":[0.02021130974],"iteration":802,"passed_time":9.070113322,"remaining_time":2.225171014},
{"learn":[0.02021127189],"iteration":803,"passed_time":9.076937747,"remaining_time":2.212785819},
{"learn":[0.02021125107],"iteration":804,"passed_time":9.08565367,"remaining_time":2.200872628},
{"learn":[0.02021112004],"iteration":805,"passed_time":9.092449543,"remaining_time":2.188505225},
{"learn":[0.02021110095],"iteration":806,"passed_time":9.100248968,"remaining_time":2.176391637},
{"learn":[0.02021105954],"iteration":807,"passed_time":9.106616752,"remaining_time":2.163948535},
{"learn":[0.02021078389],"iteration":808,"passed_time":9.117530203,"remaining_time":2.152593657},
{"learn":[0.02021071309],"iteration":809,"passed_time":9.125835449,"remaining_time":2.140628068},
{"learn":[0.02021066984],"iteration":810,"passed_time":9.133628057,"remaining_time":2.128552038},
{"learn":[0.0202106404],"iteration":811,"passed_time":9.142565424,"remaining_time":2.116751601},
{"learn":[0.02021043647],"iteration":812,"passed_time":9.150231936,"remaining_time":2.104665894},
{"learn":[0.02021042951],"iteration":813,"passed_time":9.158312806,"remaining_time":2.092685727},
{"learn":[0.02021032598],"iteration":814,"passed_time":9.167649199,"remaining_time":2.081000125},
{"learn":[0.02021029826],"iteration":815,"passed_time":9.183330308,"remaining_time":2.070750952},
{"learn":[0.02021014297],"iteration":816,"passed_time":9.190058231,"remaining_time":2.058483055},
{"learn":[0.02021002876],"iteration":817,"passed_time":9.199164337,"remaining_time":2.046757835},
{"learn":[0.02020984763],"iteration":818,"passed_time":9.20649418,"remaining_time":2.034646455},
{"learn":[0.02020962132],"iteration":819,"passed_time":9.214333584,"remaining_time":2.022658592},
{"learn":[0.02020952302],"iteration":820,"passed_time":9.220899355,"remaining_time":2.010403148},
{"learn":[0.02020954022],"iteration":821,"passed_time":9.229238779,"remaining_time":1.998545624},
{"learn":[0.02020948662],"iteration":822,"passed_time":9.239088199,"remaining_time":1.987021399},
{"learn":[0.02020939166],"iteration":823,"passed_time":9.247623373,"remaining_time":1.975220526},
{"learn":[0.02020926732],"iteration":824,"passed_time":9.253987801,"remaining_time":1.962967109},
{"learn":[0.02020920347],"iteration":825,"passed_time":9.263549602,"remaining_time":1.95140149},
{"learn":[0.02020914303],"iteration":826,"passed_time":9.271649561,"remaining_time":1.939534914},
{"learn":[0.02020909282],"iteration":827,"passed_time":9.279659051,"remaining_time":1.927658644},
{"learn":[0.02020848183],"iteration":828,"passed_time":9.286204617,"remaining_time":1.915489734},
{"learn":[0.02020831812],"iteration":829,"passed_time":9.295102249,"remaining_time":1.903816123},
{"learn":[0.02020804813],"iteration":830,"passed_time":9.301333089,"remaining_time":1.89160685},
{"learn":[0.02020743465],"iteration":831,"passed_time":9.309434053,"remaining_time":1.879789568},
{"learn":[0.02020725531],"iteration":832,"passed_time":9.315612409,"remaining_time":1.867595765},
{"learn":[0.02020724172],"iteration":833,"passed_time":9.323767795,"remaining_time":1.855809897},
{"learn":[0.02020691387],"iteration":834,"passed_time":9.348371805,"remaining_time":1.847283051},
{"learn":[0.02020672066],"iteration":835,"passed_time":9.357834551,"remaining_time":1.835747448},
{"learn":[0.02020649257],"iteration":836,"passed_time":9.366343552,"remaining_time":1.824031062},
{"learn":[0.02020629764],"iteration":837,"passed_time":9.378233957,"remaining_time":1.812976016},
{"learn":[0.02020623714],"iteration":838,"passed_time":9.386416675,"remaining_time":1.801207491},
{"learn":[0.02020616149],"iteration":839,"passed_time":9.394323453,"remaining_time":1.789394943},
{"learn":[0.02020604528],"iteration":840,"passed_time":9.400739837,"remaining_time":1.77730991},
{"learn":[0.02020595885],"iteration":841,"passed_time":9.412153467,"remaining_time":1.766176066},
{"learn":[0.02020578624],"iteration":842,"passed_time":9.420824909,"remaining_time":1.754530855},
{"learn":[0.02020588114],"iteration":843,"passed_time":9.427175081,"remaining_time":1.742463641},
{"learn":[0.02020569452],"iteration":844,"passed_time":9.435902572,"remaining_time":1.730846034},
{"learn":[0.02020562733],"iteration":845,"passed_time":9.442250643,"remaining_time":1.718802126},
{"learn":[0.02020517638],"iteration":846,"passed_time":9.448737949,"remaining_time":1.70679682},
{"learn":[0.02020512461],"iteration":847,"passed_time":9.458558805,"remaining_time":1.69540205},
{"learn":[0.02020494343],"iteration":848,"passed_time":9.465834208,"remaining_time":1.683558263},
{"learn":[0.02020487608],"iteration":849,"passed_time":9.477107294,"remaining_time":1.672430699},
{"learn":[0.02020486918],"iteration":850,"passed_time":9.487058711,"remaining_time":1.661071384},
{"learn":[0.02020400944],"iteration":851,"passed_time":9.494570324,"remaining_time":1.649291559},
{"learn":[0.02020395945],"iteration":852,"passed_time":9.51054746,"remaining_time":1.638980629},
{"learn":[0.0202035594],"iteration":853,"passed_time":9.518514137,"remaining_time":1.62728696},
{"learn":[0.02020330381],"iteration":854,"passed_time":9.524758286,"remaining_time":1.615309885},
{"learn":[0.02020326935],"iteration":855,"passed_time":9.533524552,"remaining_time":1.603770485},
{"learn":[0.0202030638],"iteration":856,"passed_time":9.539448679,"remaining_time":1.591763315},
{"learn":[0.02020301025],"iteration":857,"passed_time":9.546933843,"remaining_time":1.580028678},
{"learn":[0.02020301025],"iteration":858,"passed_time":9.554086276,"remaining_time":1.568249319},
{"learn":[0.02020292225],"iteration":859,"passed_time":9.566619954,"remaining_time":1.557356737},
{"learn":[0.02020264304],"iteration":860,"passed_time":9.575543892,"remaining_time":1.545877585},
{"learn":[0.02020253762],"iteration":861,"passed_time":9.585001727,"remaining_time":1.534489836},
{"learn":[0.02020230797],"iteration":862,"passed_time":9.64104531,"remaining_time":1.530501979},
{"learn":[0.02020234598],"iteration":863,"passed_time":9.650384019,"remaining_time":1.519041929},
{"learn":[0.02020203199],"iteration":864,"passed_time":9.660091719,"remaining_time":1.507644372},
{"learn":[0.02020203398],"iteration":865,"passed_time":9.66919146,"remaining_time":1.496156646},
{"learn":[0.02020178691],"iteration":866,"passed_time":9.675924624,"remaining_time":1.48431139},
{"learn":[0.02020173342],"iteration":867,"passed_time":9.686197028,"remaining_time":1.473016138},
{"learn":[0.02020159883],"iteration":868,"passed_time":9.692721939,"remaining_time":1.461158313},
{"learn":[0.02020149535],"iteration":869,"passed_time":9.718358525,"remaining_time":1.452168515},
{"learn":[0.0202013537],"iteration":870,"passed_time":9.728648427,"remaining_time":1.440867563},
{"learn":[0.02020139511],"iteration":871,"passed_time":9.746014644,"remaining_time":1.430607654},
{"learn":[0.02020120363],"iteration":872,"passed_time":9.752297832,"remaining_time":1.418719158},
{"learn":[0.02020122083],"iteration":873,"passed_time":9.760634214,"remaining_time":1.407139486},
{"learn":[0.02020092221],"iteration":874,"passed_time":9.767666492,"remaining_time":1.395380927},
{"learn":[0.02020093256],"iteration":875,"passed_time":9.775489558,"remaining_time":1.383745097},
{"learn":[0.02020069061],"iteration":876,"passed_time":9.784829066,"remaining_time":1.372330644},
{"learn":[0.02020060957],"iteration":877,"passed_time":9.801949883,"remaining_time":1.362002148},
{"learn":[0.0202005544],"iteration":878,"passed_time":9.811243094,"remaining_time":1.350580676},
{"learn":[0.02020050776],"iteration":879,"passed_time":9.818031422,"remaining_time":1.338822467},
{"learn":[0.02020037317],"iteration":880,"passed_time":9.826568768,"remaining_time":1.327311786},
{"learn":[0.02020009202],"iteration":881,"passed_time":9.833106236,"remaining_time":1.31554029},
{"learn":[0.02019994697],"iteration":882,"passed_time":9.842270849,"remaining_time":1.304128753},
{"learn":[0.02019994697],"iteration":883,"passed_time":9.848679326,"remaining_time":1.292360636},
{"learn":[0.02019981928],"iteration":884,"passed_time":9.857782907,"remaining_time":1.280954841},
{"learn":[0.02019957431],"iteration":885,"passed_time":9.864615583,"remaining_time":1.26926205},
{"learn":[0.02019947423],"iteration":886,"passed_time":9.871048922,"remaining_time":1.257529344},
{"learn":[0.02019949504],"iteration":887,"passed_time":9.879543057,"remaining_time":1.246068494},
{"learn":[0.02019940871],"iteration":888,"passed_time":9.886909562,"remaining_time":1.234473522},
{"learn":[0.02019929812],"iteration":889,"passed_time":9.896108941,"remaining_time":1.223114588},
{"learn":[0.02019920133],"iteration":890,"passed_time":9.905146748,"remaining_time":1.211740736},
{"learn":[0.02019922036],"iteration":891,"passed_time":9.910875041,"remaining_time":1.199971418},
{"learn":[0.02019906684],"iteration":892,"passed_time":9.922473173,"remaining_time":1.188918958},
{"learn":[0.02019902192],"iteration":893,"passed_time":9.928334829,"remaining_time":1.177185114},
{"learn":[0.02019902888],"iteration":894,"passed_time":9.937398599,"remaining_time":1.165840059},
{"learn":[0.02019895285],"iteration":895,"passed_time":9.944191742,"remaining_time":1.154236541},
{"learn":[0.02019886986],"iteration":896,"passed_time":9.955015442,"remaining_time":1.143106567},
{"learn":[0.02019866442],"iteration":897,"passed_time":9.9608661,"remaining_time":1.131412408},
{"learn":[0.02019848313],"iteration":898,"passed_time":9.968734782,"remaining_time":1.119957968},
{"learn":[0.02019834352],"iteration":899,"passed_time":9.97635289,"remaining_time":1.108483654},
{"learn":[0.02019816542],"iteration":900,"passed_time":9.988698646,"remaining_time":1.097537365},
{"learn":[0.02019792579],"iteration":901,"passed_time":9.995471063,"remaining_time":1.085982444},
{"learn":[0.02019754779],"iteration":902,"passed_time":10.00387931,"remaining_time":1.074613835},
{"learn":[0.02019745801],"iteration":903,"passed_time":10.01165808,"remaining_time":1.063184929},
{"learn":[0.02019735615],"iteration":904,"passed_time":10.02282986,"remaining_time":1.052120262},
{"learn":[0.02019734925],"iteration":905,"passed_time":10.03515912,"remaining_time":1.04117545},
{"learn":[0.02019728033],"iteration":906,"passed_time":10.04422632,"remaining_time":1.029893107},
{"learn":[0.02019703321],"iteration":907,"passed_time":10.0546931,"remaining_time":1.018757451},
{"learn":[0.02019703477],"iteration":908,"passed_time":10.06596955,"remaining_time":1.007704322},
{"learn":[0.02019690859],"iteration":909,"passed_time":10.07533043,"remaining_time":0.9964612509},
{"learn":[0.02019688422],"iteration":910,"passed_time":10.08520596,"remaining_time":0.9852725912},
{"learn":[0.02019674968],"iteration":911,"passed_time":10.09297526,"remaining_time":0.9738835775},
{"learn":[0.0201965423],"iteration":912,"passed_time":10.10278579,"remaining_time":0.9626970029},
{"learn":[0.02019657017],"iteration":913,"passed_time":10.11029031,"remaining_time":0.9512964627},
{"learn":[0.020196475],"iteration":914,"passed_time":10.12719039,"remaining_time":0.9407772491},
{"learn":[0.02019647851],"iteration":915,"passed_time":10.13862979,"remaining_time":0.9297433431},
{"learn":[0.02019628843],"iteration":916,"passed_time":10.14677895,"remaining_time":0.9184107448},
{"learn":[0.02019628331],"iteration":917,"passed_time":10.15343931,"remaining_time":0.9069520948},
{"learn":[0.02019597773],"iteration":918,"passed_time":10.15979866,"remaining_time":0.8954773575},
{"learn":[0.02019586228],"iteration":919,"passed_time":10.16727508,"remaining_time":0.8841108763},
{"learn":[0.0201957829],"iteration":920,"passed_time":10.17506111,"remaining_time":0.8727794002},
{"learn":[0.0201957829],"iteration":921,"passed_time":10.18489876,"remaining_time":0.8616291797},
{"learn":[0.02019574845],"iteration":922,"passed_time":10.19489788,"remaining_time":0.8504952729},
{"learn":[0.02019574845],"iteration":923,"passed_time":10.20093325,"remaining_time":0.8390378},
{"learn":[0.02019570003],"iteration":924,"passed_time":10.21287003,"remaining_time":0.8280705431},
{"learn":[0.02019562933],"iteration":925,"passed_time":10.22184449,"remaining_time":0.8168644628},
{"learn":[0.02019558959],"iteration":926,"passed_time":10.23096252,"remaining_time":0.8056745023},
{"learn":[0.02019550688],"iteration":927,"passed_time":10.23968521,"remaining_time":0.7944583356},
{"learn":[0.02019532915],"iteration":928,"passed_time":10.24649533,"remaining_time":0.7831013656},
{"learn":[0.02019525328],"iteration":929,"passed_time":10.25353029,"remaining_time":0.7717710974},
{"learn":[0.0201952412],"iteration":930,"passed_time":10.25961663,"remaining_time":0.7603797506},
{"learn":[0.02019513077],"iteration":931,"passed_time":10.27030849,"remaining_time":0.7493358126},
{"learn":[0.02019481332],"iteration":932,"passed_time":10.27931562,"remaining_time":0.7381716469},
{"learn":[0.02019464595],"iteration":933,"passed_time":10.28729755,"remaining_time":0.7269396555},
{"learn":[0.02019466347],"iteration":934,"passed_time":10.29430786,"remaining_time":0.7156470707},
{"learn":[0.02019455466],"iteration":935,"passed_time":10.30704085,"remaining_time":0.70475493},
{"learn":[0.02019426121],"iteration":936,"passed_time":10.3132405,"remaining_time":0.6934195853},
{"learn":[0.02019416453],"iteration":937,"passed_time":10.32133117,"remaining_time":0.6822201839},
{"learn":[0.02019414037],"iteration":938,"passed_time":10.32891855,"remaining_time":0.6709947086},
{"learn":[0.02019410931],"iteration":939,"passed_time":10.33678221,"remaining_time":0.6597946095},
{"learn":[0.02019386774],"iteration":940,"passed_time":10.34310813,"remaining_time":0.6485051859},
{"learn":[0.02019387291],"iteration":941,"passed_time":10.35089394,"remaining_time":0.6373161873},
{"learn":[0.02019387119],"iteration":942,"passed_time":10.35741966,"remaining_time":0.6260582403},
{"learn":[0.02019358459],"iteration":943,"passed_time":10.36406249,"remaining_time":0.6148172664},
{"learn":[0.02019350182],"iteration":944,"passed_time":10.37308236,"remaining_time":0.6037243701},
{"learn":[0.02019340336],"iteration":945,"passed_time":10.3864214,"remaining_time":0.5928824055},
{"learn":[0.02019334647],"iteration":946,"passed_time":10.39396291,"remaining_time":0.5817107014},
{"learn":[0.02019325653],"iteration":947,"passed_time":10.4065776,"remaining_time":0.5708249316},
{"learn":[0.02019310463],"iteration":948,"passed_time":10.41777155,"remaining_time":0.5598591665},
{"learn":[0.02019297866],"iteration":949,"passed_time":10.4269453,"remaining_time":0.5487865946},
{"learn":[0.02019290258],"iteration":950,"passed_time":10.47939021,"remaining_time":0.5399475502},
{"learn":[0.02019277327],"iteration":951,"passed_time":10.48826015,"remaining_time":0.5288198396},
{"learn":[0.02019219339],"iteration":952,"passed_time":10.49521293,"remaining_time":0.5176023164},
{"learn":[0.02019203604],"iteration":953,"passed_time":10.50807524,"remaining_time":0.5066786802},
{"learn":[0.02019167223],"iteration":954,"passed_time":10.51651276,"remaining_time":0.495542486},
{"learn":[0.02019161011],"iteration":955,"passed_time":10.52352613,"remaining_time":0.4843463907},
{"learn":[0.02019148921],"iteration":956,"passed_time":10.53246152,"remaining_time":0.4732453973},
{"learn":[0.02019148414],"iteration":957,"passed_time":10.53941761,"remaining_time":0.4620621501},
{"learn":[0.02019136853],"iteration":958,"passed_time":10.54693008,"remaining_time":0.450911505},
{"learn":[0.02019132022],"iteration":959,"passed_time":10.55393944,"remaining_time":0.4397474768},
{"learn":[0.0201910752],"iteration":960,"passed_time":10.56350191,"remaining_time":0.4286957069},
{"learn":[0.02019101653],"iteration":961,"passed_time":10.57234574,"remaining_time":0.4176186466},
{"learn":[0.02019087158],"iteration":962,"passed_time":10.5807116,"remaining_time":0.4065278601},
{"learn":[0.02019081815],"iteration":963,"passed_time":10.58714306,"remaining_time":0.3953704876},
{"learn":[0.02019077501],"iteration":964,"passed_time":10.59681867,"remaining_time":0.3843405736},
{"learn":[0.02019074568],"iteration":965,"passed_time":10.60308889,"remaining_time":0.3731936049},
{"learn":[0.02019070415],"iteration":966,"passed_time":10.61315455,"remaining_time":0.3621862464},
{"learn":[0.02019068194],"iteration":967,"passed_time":10.62046029,"remaining_time":0.3510895962},
{"learn":[0.02019068528],"iteration":968,"passed_time":10.63978278,"remaining_time":0.3403852075},
{"learn":[0.02019052988],"iteration":969,"passed_time":10.64806183,"remaining_time":0.3293215},
{"learn":[0.02019046053],"iteration":970,"passed_time":10.65619972,"remaining_time":0.3182593119},
{"learn":[0.02019032788],"iteration":971,"passed_time":10.66395201,"remaining_time":0.3071920333},
{"learn":[0.02019028992],"iteration":972,"passed_time":10.67102233,"remaining_time":0.2961126442},
{"learn":[0.02019017426],"iteration":973,"passed_time":10.67946661,"remaining_time":0.285078164},
{"learn":[0.02019017426],"iteration":974,"passed_time":10.6861497,"remaining_time":0.2740038384},
{"learn":[0.02019020699],"iteration":975,"passed_time":10.69380025,"remaining_time":0.2629623011},
{"learn":[0.0201899776],"iteration":976,"passed_time":10.70031521,"remaining_time":0.2519009721},
{"learn":[0.02018968966],"iteration":977,"passed_time":10.71175534,"remaining_time":0.2409597316},
{"learn":[0.02018954336],"iteration":978,"passed_time":10.71793456,"remaining_time":0.2299046228},
{"learn":[0.0201895225],"iteration":979,"passed_time":10.72601512,"remaining_time":0.2188982679},
{"learn":[0.02018935356],"iteration":980,"passed_time":10.73260648,"remaining_time":0.2078690347},
{"learn":[0.02018935356],"iteration":981,"passed_time":10.73990176,"remaining_time":0.1968617431},
{"learn":[0.02018935356],"iteration":982,"passed_time":10.74666999,"remaining_time":0.185852889},
{"learn":[0.02018936369],"iteration":983,"passed_time":10.75261076,"remaining_time":0.1748391994},
{"learn":[0.02018929818],"iteration":984,"passed_time":10.76063217,"remaining_time":0.163867495},
{"learn":[0.02018912886],"iteration":985,"passed_time":10.77000961,"remaining_time":0.152921029},
{"learn":[0.02018885979],"iteration":986,"passed_time":10.77741564,"remaining_time":0.1419517764},
{"learn":[0.02018863547],"iteration":987,"passed_time":10.78641673,"remaining_time":0.1310091101},
{"learn":[0.02018866486],"iteration":988,"passed_time":10.79280862,"remaining_time":0.1200413497},
{"learn":[0.02018838705],"iteration":989,"passed_time":10.79899332,"remaining_time":0.1090807406},
{"learn":[0.0201882283],"iteration":990,"passed_time":10.80777336,"remaining_time":0.09815334032},
{"learn":[0.02018824901],"iteration":991,"passed_time":10.81389669,"remaining_time":0.08720884426},
{"learn":[0.02018771393],"iteration":992,"passed_time":10.82481831,"remaining_time":0.07630788333},
{"learn":[0.02018771744],"iteration":993,"passed_time":10.83669873,"remaining_time":0.06541266842},
{"learn":[0.02018759336],"iteration":994,"passed_time":10.84473546,"remaining_time":0.05449615807},
{"learn":[0.02018757616],"iteration":995,"passed_time":10.85462015,"remaining_time":0.04359285202},
{"learn":[0.02018727053],"iteration":996,"passed_time":10.86086293,"remaining_time":0.03268063069},
{"learn":[0.02018716182],"iteration":997,"passed_time":10.86939433,"remaining_time":0.02178235338},
{"learn":[0.02018717374],"iteration":998,"passed_time":10.87655565,"remaining_time":0.0108874431},
{"learn":[0.02018707366],"iteration":999,"passed_time":10.8843644,"remaining_time":0}
]}